x1,x2,x3,x4,x5,x6,y
-1.0,0.011518707716048002,-0.7164975586595633,-0.6220383791305303,0.7099371912553265,0.6324887369375748,3.2615950508464557
-0.061356816629088526,-0.7157443201878954,-0.30115853558562194,-1.0,-1.0,-1.0,5.7740400960461935
0.7367500905810431,-0.5941871227735563,0.14994946707922507,0.2004705296985968,1.0,0.3786801496292825,-2.3168805818066036
0.500820498365703,1.0,1.0,0.24200918280829442,1.0,-0.831328773574397,-3.013148799694175
-1.0,-0.21283176825767758,0.6746605932719252,-0.34683606013000623,1.0,-0.3081240987438882,1.6509787744704043
1.0,1.0,0.8205682454610344,1.0,-0.004120534634965813,-0.24627559153110473,-0.48307997873675756
0.4733024746826253,-0.20111815020485313,-0.5617631790161697,-0.3771646453902237,-0.47105170441954275,-0.47633565366255404,0.9804467982222426
-0.1219840669350718,-0.31926412979216545,-1.0,0.2181771953460344,-0.2622606131452142,-0.7549450930527992,0.07937230955167074
-0.3668582135672893,-1.0,-0.5575158534234942,-0.6261837451096972,-0.9632359774330617,-1.0,3.6281652559586033
-0.10772624002330791,0.24188201712216773,0.379888997351456,-0.6369851258917041,0.5807361729135783,1.0,2.9891925853076664
-0.49268671981641887,-0.9608657694733825,-0.054681595621725476,0.726709458948518,0.29654292043754993,1.0,3.2166878826687553
-1.0,0.3187040802077823,-0.6141655315676844,-0.9829221644028612,0.5144636650231484,0.6042695605824799,3.1202358992247916
1.0,1.0,0.3190664187113479,1.0,-0.685251644484622,0.1031475903380813,3.635472903386738
-1.0,-1.0,-0.026733792436395953,-0.04496759473968859,-0.3963107051621908,-0.12871764921806772,-0.7119418551728166
-0.8037210762481543,-0.9739058897682435,0.13270741419444967,-1.0,-0.2829170885883491,-1.0,4.471433782917828
-1.0,-0.227450267916538,-1.0,-0.8710245456241814,0.14418530625870696,0.16027909522467543,-1.5095015730652672
-0.07137030659821875,-1.0,-0.3136012990953031,0.5944615633382107,-0.3467703051105768,-0.13515014980052475,-0.23631823196877766
0.3731378537902321,-0.00676675086829559,-0.6215111413795185,0.9669074190690807,0.5390225771275359,1.0,4.3974236357394005
-1.0,-0.23991289562692436,-0.487209020134018,0.33103793325802733,1.0,0.6289391994995577,3.6292520900062244
-0.6640059588958122,0.494921908466988,1.0,-0.6649635682965993,1.0,1.0,0.15890085294836787
0.32943477486344813,-1.0,-1.0,0.39689708087450615,0.5140887442195633,0.6430710607456762,-1.46438202301078
-0.647975717882582,-0.9481513461663605,-0.06646627885386924,-1.0,-0.7505045758885383,-0.12471303710309045,0.9294671006418997
1.0,0.19407859226114077,1.0,-0.4097406421608224,0.8069621255436144,1.0,-5.228775726289706
-1.0,-0.4388250982178057,0.18608690583223364,-0.5356480675387498,-0.5011880052351961,-1.0,2.372842318663995
-1.0,0.036019199300274085,-0.6480906198452415,0.8675804532617623,-0.7208784192225618,0.46231303426256243,-1.0939085466271914
-0.6405063505139832,-0.7839590815637963,0.2384484283290309,-0.5581200905080925,0.4823095877198119,0.01306678445031828,0.8415510203400736
-0.3813000997758158,-0.18354750683938864,0.8657911998189711,0.12439506570334832,0.7124342375670191,-0.41807506163716646,1.6186966871216797
-0.7714898778209379,-0.4818612010383635,-0.29789789510924986,1.0,0.4170732843829682,-0.9957700203258051,2.1558514317783923
0.29806961497663526,-0.3000977302446536,-0.8217707742965913,-1.0,-0.21462464273614001,-0.013671603465524818,-0.8831249546628053
-0.004106839794801864,-1.0,-1.0,-1.0,-0.2859347515400344,-0.1663088467634105,-2.5708073730059575
-0.7847427388260937,0.4280262430137524,1.0,1.0,0.03740249470674706,-0.15622613369531269,-2.324940774700777
1.0,0.870433347804555,0.6057686787457452,1.0,-1.0,-0.4126889422405525,6.228122951091349
-0.41603785415882305,-1.0,-0.6664833505291405,0.42640480371119127,-1.0,-0.5992666240336861,-2.2917936958283596
-0.6946035231163876,0.7596762575426932,1.0,-0.5901535935001834,0.17293544226800095,-0.7095893890083944,-0.326261645422091
0.6504562896786185,1.0,0.7353239264829461,0.4208992163791052,-0.43168850186952246,-0.5876825026080259,0.4102682656439483
1.0,0.45812039782121095,0.40625916805141515,0.6808760477663567,0.3912733898653429,-0.8328966263981841,2.0111874036275386
-1.0,0.5935369742930156,1.0,0.6862475739473595,0.06178012236809388,0.14140895190736877,-1.8985934109538651
-0.09094558396912289,0.40521988453959856,-0.6889050099871423,-0.13977154919326829,-0.2803024736780826,-1.0,2.3148790098352605
-0.2502119545853484,-0.33813017591137456,-0.01325038731597905,-0.09420269414351912,-0.4062937287755242,0.7089452927832897,1.3542782632159174
-0.8641478090876265,-0.16839553437405086,-0.7756401850073256,0.30185510198150334,-1.0,-1.0,0.12942656651399187
0.28641717552885204,0.7122980630849645,-0.8672735631628679,0.4095598182555862,-0.23755129699159275,-0.032825064865178666,1.986694292920458
-0.06496440625501543,0.7111810234804268,1.0,0.9855570036168149,-0.9847005164480281,1.0,-3.7248419818558145
1.0,1.0,-0.38466167059444945,1.0,0.2140954410450321,-0.20013725278363148,1.7085069072116874
-0.23117358649054665,-0.417908292616329,-0.04381665123933187,-1.0,-0.33537580149288626,-1.0,3.310203882442622
1.0,0.9275565182695189,1.0,1.0,0.7154067813839929,1.0,-8.90952530951496
-0.971181969862342,0.04733980852053129,-0.4111589228028366,-0.3841073654101017,-1.0,-0.8441066848379777,-1.7110086346121243
-1.0,-0.5089399111635438,-1.0,-1.0,-1.0,-0.27048317791390253,-1.0581338064141468
-0.4505458423083232,-0.8964917159676069,-1.0,-1.0,-0.7493377639950323,-0.6225543328887359,0.700433547576031
1.0,1.0,0.8737636844899865,0.01868841209995531,-1.0,-0.2965850878647167,1.0363545449527143
-0.17924734485540594,-1.0,-0.07075708327692465,-0.6803387186040395,0.5588882138817585,1.0,1.0720602838111781
-0.5734391186476627,-0.94373530430315,-0.9128121330130191,-0.01929095915168977,-0.4207714551348283,0.1562947965388919,-2.65763153036104
-0.04872492720647034,-1.0,-0.49364879216145896,-1.0,-0.45774915687764284,-0.174576429884145,0.9142017046559873
0.07692336208326456,0.2652256035715379,0.3555397684951333,-0.9539649127572567,0.805113473765694,-0.19431674772155727,0.25829755860828785
0.8454523304330595,1.0,0.4820083347066726,-0.11481481951489225,1.0,0.7954205755440739,-0.3588232199184999
1.0,1.0,1.0,0.900981454786618,1.0,0.4404590977727336,-8.51488272310695
-0.5050912035993292,-0.7008814064053199,-1.0,-0.4929567509895696,0.5703446159407866,-0.124302710978173,-1.4991162729422185
1.0,0.3034572970890501,0.8771388345008286,1.0,1.0,1.0,-6.0440967357041036
-0.29893529720501355,0.0895237938403376,-0.17754406699159886,-0.036203779151865956,0.3694119842205954,-1.0,2.34958905566794
0.33606487870056456,0.1799871191980907,-0.10068442806110808,-0.28542945584502233,0.6966670742712715,0.14564886778359432,-0.16006996619631392
0.5250610240677271,-0.002570142306700135,-1.0,0.6975418247331363,1.0,1.0,4.17570361538192
-0.44714330466803276,0.014584167710692542,0.308450480197674,-0.10392985826245615,-0.16650173883315783,1.0,0.5680409662876368
1.0,1.0,0.8044974655888686,0.82469979132956,1.0,-0.7650118636700878,-3.4403294647178684
1.0,0.5616052623110885,1.0,0.6072542840735324,-0.3122493985859529,-0.46813534711227184,1.9518928450360151
-0.8860321144818069,0.23207054198146077,-0.9316847775273175,-0.4248425923293231,-1.0,-0.8500875227911524,-0.7371856361805775
-1.0,-1.0,-1.0,-0.21002666102091472,-0.5522052420095627,0.17419793386964452,-5.438095941331142
1.0,1.0,0.8167662644844755,-1.0,-1.0,-1.0,6.509969405035967
0.7754690335783951,-1.0,-0.952764949963395,-0.695240463045738,-0.8985463674105969,-0.8156158468118558,6.7874087884837495
1.0,0.3469550096912031,0.911007161822321,0.7161364738960032,0.6028562677762384,1.0,-4.643911676499108
-0.10138381936242086,1.0,-0.5790415630144755,0.44473811682317366,0.47973006197214807,-0.3401000023610808,1.3597003321862997
-1.0,-1.0,-1.0,-0.6937230649084885,-1.0,0.6034500415806604,-4.159171584725577
0.9417599554398124,-0.5029317322134276,0.22516306467869684,0.8436891159105219,1.0,-0.023016212076632736,-2.0078989438642756
0.766562042440481,0.5346107456197369,-0.7953454873506323,-0.7998507236740094,-0.38144910826670025,1.0,6.752361540610856
-0.7790104433517828,-0.2411773192647002,-0.5508818477043592,0.35219160382384457,1.0,0.5112953847905435,2.6969718355528953
0.18465656969211475,-0.028386594453917113,0.29599392488668275,1.0,-0.4665471604384004,0.4839752803024885,-0.05019903977045115
0.3409042897671704,-0.5798475714613129,1.0,0.6220791807965076,-0.9628464746390966,0.4191749982121241,0.9055523124235914
-0.44647455619841814,-0.9675018584806143,0.09001860368458237,-1.0,0.796905907470022,-0.8655141242885143,6.286053014234069
-0.4234811069924186,0.3213336734745731,0.5979379204529711,-0.25045689153462725,-0.3790364415119679,-0.8339845298302041,1.3898359249215786
0.5774444397635168,0.23428353915560526,-1.0,-0.6850523628578584,-0.7246438562009447,-0.40994893464273574,1.7126095331481366
-0.8069184677594117,-0.315960008472411,-0.36231644673462676,-0.06941154962382645,0.4668457050665473,0.9049078525425187,2.3489782588563823
-0.724318429607979,-0.33379671886809126,-1.0,-0.368468921678365,-1.0,1.0,3.6714572256589197
0.4678052050176876,1.0,0.12777259374715882,-0.7396401166170103,-1.0,-1.0,4.6031945883365895
-1.0,-0.5476298986770987,-1.0,-1.0,0.04114855970584186,1.0,2.454373262499195
1.0,0.34002808909760773,0.016320752619195814,1.0,0.540660832203893,0.4362958195550173,-1.992795110833373
1.0,0.36198739926599477,0.47849806811174944,1.0,0.47516953233867576,-0.39780589158835755,-0.13373291136088067
-0.7184341391022598,-1.0,-0.3640186919075524,0.19355128781384792,0.5321419949544564,1.0,2.870439190006114
0.4321802062331831,-0.9755850964836899,-0.9291239021547901,-0.22641216238901476,-0.14764382095783501,1.0,2.488220192707736
0.6764535123146938,1.0,0.6808579210155432,0.6512291030152473,1.0,0.4420137134168054,-4.344420966293202
-0.2828005586696849,-0.6502614508438744,-0.9167694446823287,0.0018137106932824554,0.8354522461981065,0.0392556225964118,-1.4952317361905227
0.14596845814634996,-1.0,-0.5321595147278397,-0.9548346369084824,-0.572969292194439,-1.0,6.881545539911695
1.0,1.0,0.5427568730812011,1.0,0.6892106061343339,1.0,-3.3448360561789707
-1.0,-1.0,-1.0,-1.0,0.9074332060155623,1.0,-0.8646793128245356
-1.0,-1.0,-0.7550723959175889,-1.0,0.29403874988609235,0.4520158531894465,-5.399420328912575
0.5612042387105456,0.07173350312609597,-1.0,0.47734842173837677,0.19656153135981635,-0.3087058707127066,-0.5597119749352222
-0.6116907133167311,-0.5145153440239882,-1.0,-1.0,1.0,1.0,5.372142076717793
-0.09596575883629666,0.8693098662835442,-0.15237439354365326,0.15541705829336655,0.2666490888928186,-0.24907964023775025,-0.04700923443581484
-1.0,-1.0,-0.5132472909485902,-0.8328465780258154,-1.0,0.12191264485134878,-1.1434754597020742
-1.0,-0.789381814087252,-1.0,-1.0,-0.9037992274421391,0.5210017301667489,-1.6237091510897192
0.8417419047012962,-0.4346098282059438,0.8870972481351226,-0.5588397371890205,0.2163292463697961,0.21665317345668367,-0.9156509876358372
-1.0,-0.35197386663446917,-0.4779177137862636,-0.2522645461056394,1.0,0.29413607419989696,1.8296850528574764
-0.43789815823592804,0.5511267557277078,-0.08564976699853347,-0.5707180101131333,1.0,1.0,6.848010943286189
0.33059769178111365,-0.7979405361662502,-0.6239301253854908,-0.6487956343532615,-0.2537389957147169,-0.471588118357356,1.3364280525405015
-0.1892125067589714,-0.43256609501176446,-0.5498893612089063,-1.0,-0.15114385212767822,-1.0,2.8793669296322633
-0.9046100683601301,-0.22719185112356888,0.49584393537786353,-0.41647513681086384,-1.0,-1.0,-0.6362119206485041
1.0,0.6486996204823534,-0.13170305955194445,0.7627459640634715,1.0,0.7751727958941517,-0.1253661402214138
0.5524088966976748,-0.3365794675327066,0.3325552729796303,0.4321235834313421,-1.0,0.3996788203317593,2.3057710840063366
1.0,0.837475068443919,1.0,-0.17225173971406127,0.45377136355274983,1.0,-4.040649102736704
-0.782968100945552,0.37831882653810256,-0.6241209771744656,-0.5298548774013405,-0.6127746264619389,-0.2588572878465033,-2.534783202288109
1.0,0.11251912202854619,-0.018400142551848908,0.25267088070067345,0.7555244267419888,0.7895657312424116,-1.5964116012762
0.8764554582601995,1.0,1.0,0.6874808612910128,-0.33848082285029024,-0.395903643510386,0.42138808440175957
0.5643252455492388,1.0,0.40791162384514423,1.0,-0.20623695983161658,-0.008028301753387979,-0.8697267205858124
0.8221845264987094,0.8020016103713685,0.5777564242405627,1.0,-0.8760431714336628,-1.0,8.791588186717325
0.159370179246199,1.0,0.16791488956366518,0.8403026795008399,-0.7113572375753295,-0.09568683644540033,1.6873044972044848
0.271683650481393,-0.948248732492952,-1.0,-1.0,-0.20550127607195545,-0.011227443782890312,-1.1310486498441765
-0.9994599963840455,-0.4430805308490329,-0.2982177449236144,0.11863370961355485,1.0,1.0,5.998974968830967
-1.0,-1.0,-0.6186269638187074,-1.0,-0.08532431364802173,-1.0,3.5639171480814222
1.0,1.0,-0.09830007068384011,-1.0,-1.0,0.5096538270421183,10.964783019998059
1.0,-0.34499237671318783,0.5841109607323144,0.4541749104583179,-0.6286340330782836,-0.5222486942564746,4.064667968479999
-0.07120860941842544,-0.5321995625819604,1.0,-0.8413644786711025,-1.0,0.836011401419763,-0.7565252522480893
0.9398432964463981,0.8070033582065466,-1.0,0.1379006090506117,-1.0,-1.0,5.357806234922756
0.2976093952290081,1.0,1.0,1.0,-1.0,-0.6788089949700506,1.4614162856788546
1.0,-0.9267114646778407,-0.6478902183408536,-1.0,0.24118853660006806,-0.09121609882573611,-0.9747657524238744
0.6457458184224654,0.7801241580855987,-0.2721852481105591,-1.0,-0.05604032416642224,0.7385784710475037,4.373507008158783
-0.4732268080319604,-0.06001517268363976,-1.0,-0.8064398874388314,-0.550712309210879,1.0,6.6396371975469
0.024859201408255843,-0.7591880038845072,-1.0,-1.0,-1.0,-0.204867182591022,2.092866739636879
0.6637191749119693,-0.795660879686188,0.35582187687041,-0.08522584127395039,-1.0,-0.16313161111115176,3.8910180501873506
-0.7627302105246874,-1.0,-0.10908951798560401,-0.43364027566456537,-0.0792454574761634,0.7921637515858209,-1.7809119619091107
-0.9954971177068417,-0.37343515912730285,-1.0,-0.7522935785499791,0.8772080424946622,1.0,6.2460622793147875
-1.0,-0.6824969337723914,-0.5476468019978893,-1.0,0.5016461533114754,0.2091310588485744,-0.8888148648366707
-0.003915338058826767,0.8818906011680896,-0.9607412130434346,1.0,-1.0,-0.7424412877767302,3.473855760490268
1.0,1.0,-0.3319770863565492,-0.45344156171707145,-0.47054304793940893,-0.6516677796838276,2.8540148696177843
1.0,0.5491776659578798,0.5949290797483593,0.614718734506047,-0.1994831439852679,-0.6682402782230324,3.5312905538554364
-0.89843718481574,-0.33733548275444936,0.6628281094929971,-0.5411533709462264,-0.8284082831749602,-0.8212296500279355,0.4447096500491293
-0.20003945070677576,-0.4010658942890293,-1.0,0.1221975473816323,-1.0,-0.02946707586811248,-0.5680016724597388
-0.9904115102341041,0.5973591721726768,0.7558342234811668,-0.3311783158718316,-0.13679769964920885,-0.9264978027407595,0.8408503444375033
0.9946172097693636,0.33156049689850775,0.037975660116481014,-1.0,0.23609895450425056,-1.0,2.91830163081784
0.43249336931051074,0.26039116556769076,-0.7331670667114125,-1.0,-1.0,-1.0,2.249874948832077
-0.8515576396188633,-1.0,-1.0,-0.4439948848543826,0.6452035529692215,1.0,2.099248070639104
-0.06493546961974772,-0.2580078248962736,1.0,-1.0,0.9530725583521741,1.0,-2.024919667522812
0.9547692278101018,-0.061336414406739204,0.0609649391535931,0.46351484083344807,-0.40042160339794924,-0.9654006447721689,5.845761007640905
0.9995607020826498,0.9564328432362381,1.0,0.9018590918063538,0.2524041120608333,0.6962404825658935,-6.163076906055954
-0.6855387742379155,-0.8717594727080576,-0.18411219024264527,-0.9570300397026312,0.2583810731594225,0.7306963053289823,-2.619005858396576
1.0,1.0,0.1652092172694436,0.238682631514734,-1.0,-1.0,6.7019815758020895
0.5587821722625895,0.9001171082770336,1.0,0.027662609923595816,-0.3924561229225224,0.24956198565869284,-1.869773908285596
-0.09813722844902317,-1.0,-0.32793080654201834,-1.0,-0.5090443271949627,-1.0,5.512173503030139
1.0,1.0,-0.08457202107907391,0.07389542089368534,-1.0,-0.6747275634630396,4.414149702464032
-1.0,-1.0,-1.0,-0.9740046696130495,-0.5348984703702506,-0.9669638025637716,3.0166286110168743
0.1874683396386536,0.11913566224725547,1.0,-0.2903408948500745,-0.9096796045614797,1.0,-0.06956845705483128
-0.14241634888312238,-0.2898092071950532,-0.16302777250179612,-1.0,-0.13262227457316234,-1.0,3.813026449102878
-0.49080117464030143,-0.44488947670884466,-0.8892584447388783,0.9779889283658943,0.17241404248549586,-0.37241840811654936,-2.2094633791173464
-1.0,-1.0,0.45887240355679465,-0.032351509712852056,-0.1199583351280894,-1.0,5.815455193862194
1.0,1.0,0.025923282780389467,0.3796051394573856,0.4797674854894659,0.5283950376725752,-0.7703165858988672
0.19754192185301056,1.0,1.0,0.4869294875923905,-0.19141724513656372,0.9369882733831116,-3.4519730060758786
0.6966576103243852,0.9630929162354691,0.7283595624659394,0.29227291537510025,-1.0,-1.0,3.032506670106668
-0.6994001264373144,-0.8963618311116763,0.02016561265507398,-1.0,-0.7145340245215124,-0.5525097733891426,3.430743305313917
-1.0,-1.0,0.06301483950130393,0.8317493244854653,0.3508074502025409,0.5387657998886344,-0.18399266176548096
-1.0,-0.41913549745904355,-0.3502047523505396,-0.7347704365445731,-0.16521660137543903,-1.0,2.644039701190213
-0.6178726469954865,-0.6291680505107358,-0.011365650963401697,0.17594341527956536,-0.1216353963348854,-0.17023481215748754,-0.0456206477560934
0.9220209603103691,0.5108789090425969,0.9580002222399526,1.0,-0.3686036568020534,0.48404300670568456,-0.4298034727080199
-0.20823917048142263,0.39444599029237526,-0.3379544984006648,-0.9075812441857957,0.06622207086267834,0.026425310582138484,-0.09779479647746175
1.0,1.0,0.34190571931144587,0.6553100782985879,0.468336472626557,1.0,-0.6900405945001228
-0.6237264698369582,0.20464367048547516,0.12479047268153731,-0.5266164096728062,0.5328419439423662,0.10710443046347407,1.0965339377228271
0.9694350843178801,0.07282414135001036,1.0,1.0,0.03661517985039586,-0.9689855829300752,2.3123879708265798
-0.6175201769904733,-0.7828651189531451,-0.9744893922726976,-0.4689788501087032,-1.0,0.04507386232988475,-2.8571988060994826
-0.7099656955037219,-0.28846297981171976,-0.30093207386259624,-0.17226223774321792,0.48127650014815915,-0.6096380153622545,2.2684684499240984
-1.0,0.03290536284093759,0.569019317689252,0.9290438903507995,0.14564466417314165,1.0,-2.114151049271535
-1.0,-0.6774921419429507,-0.30528995594215624,-1.0,-0.27862690558381553,-1.0,3.87859127376745
-0.08716069143252936,0.16726259296514212,-0.5626631247900243,-1.0,0.30538579022608414,1.0,4.816538437981764
1.0,1.0,1.0,0.21286714734163614,-1.0,-1.0,4.1059254300617205
-0.9112723297741374,-0.6049457623576879,-0.9470526722086108,-0.1773392227520667,0.7735154705227933,-0.6327292148668748,0.4354189466958115
-0.19894475587360583,0.891828220216814,1.0,1.0,0.5981983439024838,0.4128837716987668,-5.460396939664118
-1.0,-0.7330050737784473,-0.15741845695081613,-0.6183332218623243,0.3308493579325474,0.587033889169007,-0.6365134363834096
-0.09970152425561196,-0.7923694930259857,-0.7622499629901951,-1.0,0.07994065503624204,0.7745442394670244,-0.6226820827791676
-0.27929106479047755,0.35147038784409285,0.4950374475071597,-0.6671124625815004,0.11658105039857292,-0.1563884968327921,-0.804126693200874
-1.0,-0.08918345739318867,-0.47192742757096595,-1.0,-0.590392716997044,-0.41621122997049803,-0.786084785965018
-1.0,-1.0,-1.0,-1.0,1.0,0.6698169286288951,-5.515333785897601
0.48161236562160553,-0.42657515913701416,0.6427238141793314,-1.0,0.5773004369575107,-0.7316941840269979,2.397575529179266
0.2879603730701257,-0.6509467275586611,-0.2736300737402788,0.8749945842118017,-1.0,0.44936876941891435,3.3304499570508934
-0.343263514559375,1.0,0.9890973188765573,0.13461144758936672,0.36671234352799553,-1.0,-0.6651936673917453
-0.9745321192431255,-1.0,0.08807650155037827,0.003409496613808072,0.37464068854646226,1.0,1.4089429584555042
1.0,0.276556643700705,-0.35583686372137946,-0.4131398135050923,1.0,0.44004789911119835,-1.764978846148816
0.13387343284877629,0.32641789032356683,0.15752706111003145,0.6826146719149748,0.5738169124413858,0.9246968541113458,2.3764210751841706
0.8643670499612106,0.5090549347988896,1.0,-0.13089284919050992,1.0,0.9207992833250627,-4.556471574506251
-0.8568937472267457,-1.0,-0.2341760355440146,-1.0,0.6068150249758845,0.013756200133809682,-0.23075248488253597
0.16087352618389725,0.43936112856017007,0.47719366590054035,0.5330281352370579,-0.7071687202809526,-0.5658051642680277,1.575004271739283
0.12713211323193774,-0.0579862822007155,1.0,0.4668094447640987,-0.2685105916606862,-0.4600715826130405,-0.07622488871063038
0.8010664438200001,0.7816511537598462,1.0,1.0,-0.0169495901693187,0.8674577527016115,-4.017267560236491
0.886840898798026,-0.5108058465797423,-1.0,-1.0,-0.7028797163424099,-0.008654939484590396,4.501043214926142
1.0,0.45135493209909167,-0.20109637846197106,-1.0,1.0,1.0,2.8203902994351706
0.7144667518031731,0.08710716279325448,-0.22234538251484437,0.017282052286386906,-0.7502088435392715,0.33429080478492745,0.8844994664026564
0.6696401592412806,1.0,0.3263982763197375,0.1528881434327689,-0.9729000895314052,-0.10549612007601256,0.2532282733799236
0.8834815361821253,0.12812535820970716,0.24874486918586558,0.005084770733345789,-0.43209150959850706,-0.48683640572118236,1.960524883831875
0.5498607105138211,1.0,0.20231856298137063,0.07964270647931859,-0.36014500546061706,-1.0,2.423880193245012
-0.6172052319134385,-0.17433136517826492,-0.15882859690815485,-0.21207426968514087,0.6413899482008596,-1.0,3.754858854306346
-0.10314075323215444,0.35385413632235363,0.6546859226698659,0.4803024793150835,-0.07549993656493259,-0.6305256811620743,1.1780887999291785
1.0,0.4370973037441148,0.4494623203859634,0.5051640287858759,0.8092910204667054,-0.21430161432766903,-1.1372627114427187
-0.32677385706198,0.5216234711684178,1.0,-0.01971797546502896,0.4496751310797658,-0.17574496959073896,0.3376439141886177
1.0,1.0,0.348798733344873,0.9041317983857537,-1.0,-1.0,9.828804941099536
1.0,1.0,1.0,0.6371310182372598,-0.4546474022558751,-1.0,4.068456104922866
-0.054642281782964264,0.18070058406584266,0.5162779730544846,1.0,0.23645402799462267,0.03527770714756384,-0.32506152777341335
-1.0,-0.04406021397914761,-1.0,-1.0,-1.0,-0.476640677859933,-1.7500820455103325
1.0,1.0,1.0,1.0,-1.0,-0.2870248303473979,4.837358529197002
1.0,-0.06774811631042332,-0.23266456140244596,0.10260021168735656,-0.7489586035425122,-1.0,6.5128165216954335
0.8274636003927489,1.0,1.0,1.0,0.9504859266215966,-1.0,-5.233509576279197
-0.826154888837933,0.04011968981356266,-0.8498124010224246,0.49571797023692193,-0.07311133203494513,0.7490295924868569,2.6533516620048183
-1.0,-0.4288757146382194,-1.0,-0.3433389467306309,-0.7103070846607092,-0.10762964006846476,-2.209162722615927
-0.7404223302058955,-0.9257528028382553,1.0,0.20129988762713874,-1.0,-1.0,1.0285215411218953
1.0,-0.0592246520219219,0.6666588239915812,-0.8551424750354724,0.1634642003280543,0.11178156913877069,-1.0468646585218881
-1.0,-0.6705050565449799,-1.0,-1.0,0.05252736434469629,1.0,2.5260848700568674
0.43365419384872195,1.0,0.47648908251024674,0.42748360189466467,1.0,0.013343210386051796,-2.1200784968543345
-0.3923085774282048,0.7576978149535853,-0.3301092248011882,0.5949515483642008,0.21741992658474119,0.13790548333884467,-0.2760617806435076
0.24311018525873618,-0.15274884921385978,0.17459546985981989,1.0,-0.17142950505281837,0.4856394255200165,0.8805251141492996
-0.909143512948654,-0.3870135386326866,-1.0,-0.5120639375973793,1.0,0.6034232222058223,1.1093143531226364
0.9224422755947062,1.0,1.0,0.2892917041985348,0.5983056311989635,0.12920450909945558,-4.48544938658011
1.0,1.0,0.5570612410789286,0.7504242441234577,-0.3315395369595521,-0.1511662961566438,0.6400772002742705
-1.0,-1.0,-0.061958681725138104,-0.6770548866628379,-1.0,-1.0,3.7072624202385915
-0.8215782740394324,-1.0,-0.6064560312221534,-1.0,-0.21704339599940026,-0.3529902317805535,-1.442639324788336
0.09126881446202258,1.0,-0.6726871124348008,-1.0,0.8709174444746954,-0.853085224351658,0.373123496686963
-0.39580755633083664,-1.0,0.47496572445091123,-1.0,-0.1739863592622961,-1.0,7.3382699227871795
0.32188972128410437,-0.1901205190611418,0.5922274918745841,0.6349354552454047,-1.0,-0.8510806691479096,3.8768002038353977
-0.46030096159778366,-0.27686358295623514,-0.5042428293874506,0.02192248239944805,0.5334278420890939,0.04610884572720168,0.4839389521490863
0.4724761744720316,0.13088001606384425,-0.05320548359679106,0.8132112709705412,0.2245029384540066,1.0,2.9684079344332304
0.4960984221708816,0.02651049666357208,1.0,-0.7161029544991663,-0.7832915884812004,-0.2532485481910486,1.2814355908337665
-0.4814653324607742,0.4128310476171906,0.7314321455013043,1.0,-1.0,-0.8531177097101001,0.6827869063791833
0.45654643770943293,-1.0,0.22626844090247208,-1.0,-1.0,-1.0,13.380452037427418
1.0,1.0,0.39205996661769893,1.0,0.0391447655103178,0.8555517072539957,-0.9345778080843742
1.0,1.0,1.0,0.33007985696189857,1.0,0.3802631899872614,-6.486281994846993
0.1270884650069397,1.0,0.04164524280376669,0.09552025413081011,1.0,0.04978528354160261,0.5273138292291765
-0.15769611492182745,-0.9131752399435407,-1.0,0.6397453500427874,1.0,0.7448163718745477,1.988663132163041
-1.0,-1.0,-0.6250386652874884,-1.0,0.12611756102869953,-0.6991233046213255,-0.15401750251293228
-0.5231601480768276,-1.0,0.029737600948025578,-0.2955568000411978,-0.20692253408576733,-1.0,4.467382265808178
-0.4016867163300359,-1.0,0.1646159957034708,-1.0,-0.18783864109820558,-1.0,6.24817467623731
0.08618013082368348,0.9642024239064801,-0.2909667162819063,-0.262201329547657,-1.0,0.08696258946065805,1.668234910345037
-1.0,-1.0,-1.0,-0.42984473180753907,-0.6688160961425533,-0.5292492337175173,-3.029550421990388
-1.0,-0.5121161252787827,-0.7071762351306121,-1.0,0.18039314085486702,0.3598379982593052,-1.489760008039157
-0.32493429896150805,-0.9434997834881346,-1.0,-1.0,-0.0357988799553825,1.0,0.19200200238156895
-1.0,-1.0,-0.9814715803655907,-1.0,0.6322747486738254,0.7877664090529258,-3.904284979644647
-1.0,-1.0,-0.5167428767122397,-0.4376123911894727,-0.4141522498913556,-0.2039993780198078,-2.26230642048803
-1.0,-0.09312638831551263,0.43211651303541393,-1.0,-0.5151899018141652,-0.0698464528686431,-1.1063442761700872
0.24879712651252994,-0.09492997866142294,1.0,0.3539028920704434,0.18337133239533765,-0.8093914855422286,1.1562349619236083
-0.8484837446904687,-1.0,0.47614167392270224,-1.0,-0.35443465035171173,0.6642968018164854,-2.907349550799028
1.0,0.1157447590684817,0.19512628009136535,0.511660587372061,0.9868518530203818,-1.0,0.5940323806412582
0.06171453235528479,0.33483224010023194,-1.0,-0.05389599270422496,-0.10077399019725974,-0.9404154329437151,2.3775356710052717
0.5192875445320468,-0.3992711128513556,0.5757718904596067,-0.38116996984540497,-0.3986818274308226,-0.8913069832591276,4.327512599324004
-1.0,-1.0,-0.6543247125123104,-0.6757018565031996,0.42473540113244324,-0.3470995167962207,-1.6418343547039689
-0.6011402043961955,-0.8223319471398791,0.2660988525500859,0.9773415247033415,-0.8458658785631398,1.0,2.3624082266413264
0.2316405179774257,-0.8811724450820186,1.0,0.3952667104227726,0.051355716552882735,-0.4186347536955636,2.6701263601932173
1.0,0.2203294684715993,0.29468306225106655,0.6543627896965918,-0.646530669039627,1.0,4.416516436710024
-1.0,-1.0,0.4931926253963823,-0.7216957360105793,-1.0,-0.031590582844808424,1.1334015710207128
-0.7053539019043125,0.194944989230107,-1.0,0.014811896190802809,1.0,1.0,10.34946694380216
-0.44680279893086516,-0.6621145500259942,-0.09243265555199187,0.08616060309893214,0.11450998284815204,-0.9972631166953412,3.139690598656313
0.9434569415248977,1.0,1.0,0.9112400105017621,0.2623268888253073,1.0,-7.063290037723145
-0.19444146412201002,-0.20176124419804953,-0.764822204957361,-0.8815811892865,-0.8294384832059019,-1.0,1.0051030053833718
1.0,1.0,0.01917562259736516,0.1727952894720819,-0.6740792322328661,1.0,7.040049482467562
0.9041198287352689,1.0,-0.08897094346292864,-0.2161715616139319,0.25182435460432184,0.674829962803375,1.6115546876155058
1.0,0.237664457883902,0.6678472513173483,0.5401933973404192,-0.3030127559103557,-0.38517975624349965,2.069921317404783
1.0,-0.09517570823775301,-0.28456922767103965,0.18367310665736103,-0.7255407462427783,-0.748994415002143,4.154319022938069
-0.12644790794924488,-1.0,0.2115863985484768,0.8752177011513147,0.6025015583253146,0.5852729510441403,1.0778124221950782
-1.0,0.20512213175143706,-0.16242680208815485,-1.0,-1.0,-0.6786367499745263,0.6697244896032533
1.0,0.10331076042548881,1.0,1.0,1.0,0.5499352106652238,-7.109472372214579
-0.1359406249162367,1.0,-0.2835669865778633,0.6859569329481237,-0.28671579936629044,-0.3209110028994896,0.7133009601602549
-0.398057542733725,-0.057419414611876385,-0.6188876044703113,0.2981803507798185,0.12842944902276093,0.029177870938673134,0.006619733782121773
-1.0,-0.5532268631971354,-0.9864055033616157,-1.0,-0.011063456696477791,0.6558769930000691,-1.5565394041417655
1.0,0.20398768415675894,1.0,1.0,0.36963567062484715,-0.29427324240201175,-2.207914578010962
-1.0,-0.342378554653906,-1.0,-1.0,1.0,0.8164727963657672,2.5605201759586507
-0.9478613430697123,-0.1395040285066259,0.5570084430490533,-0.7406457638867356,-0.5473347126868026,0.41802035377251157,-1.6851148759426215
-1.0,-1.0,-0.3102929842168759,-1.0,0.8370461254066572,1.0,0.5207487463053659
-0.6015907069755456,0.29714421381914413,-1.0,-1.0,0.6704832248388246,0.9092142561672745,7.540543447410825
0.028272335148172095,-0.0927433375311778,0.5742476018009531,-0.9891486627005062,-0.9056839152667133,-0.07213625079547292,0.905995323877325
-0.4047524878161429,0.2718571458046528,-1.0,-0.3398143679927571,-0.4109846934443961,-0.28686514768900284,-1.0138896138171722
0.41741763810585353,0.04297313226494204,-0.1308291764533337,1.0,-0.3181215554672858,-0.9000647627693519,3.115361771458465
-0.48977945559228114,-0.9824320413452186,-0.11651586578666229,-0.5744475206577309,-0.9943343958265977,0.002871862292072924,0.4470495342415246
-0.05152788208145931,-0.3641141995228676,0.9184143551918561,0.23739694886342877,1.0,0.8236372013020572,-1.0032017011399514
-0.6121710467658975,0.7143615622383881,-1.0,-1.0,0.9320211570461887,0.662603126670907,7.247286680134503
-0.43023439454136136,1.0,-0.5200315316471115,-0.060110786886368506,-0.178808817340605,0.2234797220819194,2.400842867753923
-0.2025959167874289,0.5085475568701878,-1.0,0.7537515256307612,-1.0,-0.4449421319942344,-0.4062085622675729
-1.0,0.16072751879617536,1.0,-0.7008977727007519,0.12656321240467594,-1.0,2.525194302207336
0.33112238153029705,-0.3716923567586309,0.2702577311217595,0.04526552968129682,0.33542611058111516,1.0,2.4231570175205075
-1.0,-1.0,-0.4582267034656162,-1.0,0.5809809181857923,0.6084285214319078,-2.2188069526394325
-1.0,0.2124369538598616,-1.0,-0.3664243165125165,1.0,1.0,9.429539844544392
-0.7448583216487568,-1.0,0.07551278574561188,-1.0,0.33209551012735083,0.14293346612795155,-0.7320975788579333
-0.10485022804671917,-0.09745604587447382,1.0,-0.05974811942138458,-0.9326526107625603,-1.0,0.010373807879079294
0.8696632527192351,1.0,1.0,0.28637021948038854,-0.329969489021818,-0.4589651297870855,-0.33748465476688444
0.12627910892440308,0.9326635760446487,0.5991474808027535,0.8018070145320626,-0.584382826975107,-1.0,3.4665613022039583
1.0,0.48483030459890497,0.8936167230407785,1.0,-1.0,0.7486596933098055,3.2522869311177516
1.0,-0.9085087851377727,-0.6040192728102021,-0.08685701534966755,0.5762873152671864,1.0,-1.3281877757255292
-0.48986139379300875,-1.0,-0.08039376156221625,-0.890092521823804,-0.28422666211140424,-0.6865426904592599,3.100953083217081
1.0,1.0,-0.11325473266674146,1.0,-1.0,-0.23331400507816402,6.730963062264515
1.0,0.2860929928920256,-0.7285044594761778,-0.2997735407402812,-0.81438502675665,1.0,7.854768699840921
-1.0,-0.8760843411047163,-0.8050434518751521,-0.7804594228077519,-1.0,-0.7286738409290852,0.9860486214268871
0.572776257216288,0.08589540529492726,-0.271094771535396,1.0,-0.29356997523109385,0.8084841874099489,2.367370991897623
-0.4337639094559667,0.8916202865993668,0.56799046067652,-0.4951659592653655,-0.5949663263741408,-1.0,-0.6103945644943718
0.8250336560426055,0.9165136601153003,-1.0,1.0,-0.4883002714561535,-0.3719901575066594,3.913069288195191
0.7231360327358227,0.9576439068600386,0.3615366616511114,0.6778254708312847,-0.020690597976252723,0.8439895455546649,1.14264276073332
-0.16587115334093872,-0.7411613214681863,-0.7643115342297591,-1.0,1.0,0.8164056846728593,1.344126170721826
0.43725779224833466,0.5411694538406314,0.596022835039585,-0.44774284507855105,1.0,1.0,1.2430098909074863
-0.7055457086322525,-0.1836968699201087,-0.6118309862770301,-1.0,-0.11272893753625746,-1.0,3.970957563679577
0.3026212391436103,1.0,-0.06108750415202924,0.7894903880002183,0.014936121423004267,-0.4332456761421992,1.3260144228730606
-0.05197679057066745,-0.24265026831798675,1.0,0.5749603106198125,1.0,-0.655157071651102,-0.053280354666691065
0.989889414836586,1.0,1.0,1.0,0.12507352125529467,0.30226046320681305,-4.415768784324857
1.0,1.0,0.48418393724077957,-0.3754942846922035,-1.0,-1.0,5.0696712987565595
0.7052361073884441,-0.5748369896405,1.0,0.7715951877985827,-0.5397780954374254,-0.3458580865872576,2.4517304269960527
1.0,1.0,0.055130578710920836,0.9410789176133735,-1.0,-1.0,9.980496150040805
-1.0,-1.0,-1.0,-1.0,-0.08738620633278843,0.5090917156550513,-5.986855221344541
0.4865480382046883,1.0,1.0,1.0,0.1704951250582965,-0.3329738575967727,-3.6281607545810237
0.9303394408501665,-0.6702691298844277,-0.48359385057780746,0.5376944070686893,0.023611318764308137,0.05627810351109436,0.7760689502038309
1.0,1.0,1.0,0.3234255804451434,-0.7472034260137081,-1.0,3.5312258342557983
1.0,0.7323339688201317,0.2664876401316967,0.8328630709219932,0.28301561688885946,0.6380707889292142,-1.299091488239977
0.8536890814619451,1.0,0.23100722024920883,1.0,0.29575703351397586,0.25171755981309224,-1.5565090212507378
0.7444291123207437,-0.7910576699508489,0.2752060991176649,0.17883500531176227,0.0818913293468666,0.2726139366330882,-0.23592393420942787
-0.24374698431838482,0.4078290909965585,-0.4138415432422722,1.0,0.68509588979526,0.22222369965958522,0.20672409898876204
-1.0,0.9301983249795927,-0.8270400731092371,-1.0,-0.6544338130436345,-1.0,1.1627797151232622
-1.0,0.12716960340941308,-1.0,-0.16209369299628068,-0.44199428221636633,-1.0,4.587710360662359
0.5182111490441044,-0.12007475914411864,-0.0966227726594871,0.7838852729003634,0.20119939020568423,-0.5168772183439192,0.2303151413483794
0.6267251146341624,0.7733402669537606,0.3603908723424365,1.0,0.2838576358075571,0.3803458493118106,-1.059332337519701
1.0,1.0,1.0,1.0,-0.05127630417490531,-0.9073516330155539,1.357440345844453
1.0,1.0,1.0,0.8318682227993335,-0.5166340620674235,-1.0,4.656758644435981
0.42514114138597775,0.3592853791577105,-0.5283129808654019,-0.7502243449968896,0.19883513172411688,-0.035910112248048395,-0.9649871271806065
0.5201382542520349,-0.26677236441616303,-0.8399970805053475,-0.45452018910564257,0.7855057801145695,-1.0,-0.588148746361147
-1.0,-0.9777666386438943,-0.8431139811278946,-0.29368914261635437,-1.0,-1.0,-0.17706992610958727
1.0,1.0,1.0,0.7677300382169934,0.6663993169426865,0.5473741854143818,-7.8075595991426425
-0.2963723428816202,0.8410681934456632,0.0662854758775071,-1.0,0.10649627253210858,-0.6344179826483962,-0.3726425240316885
0.3935317875155887,0.07211839834938683,1.0,0.7635642901877413,0.12710941514724894,1.0,-1.7861033297724427
-1.0,-1.0,0.36551640267430324,-0.4469618153129781,1.0,0.5239721625135338,2.122128969027986
-0.249906181679999,-0.8732467166849391,-0.3321744593397309,-0.9857843845961508,1.0,0.9836842856939264,2.705333696177132
-0.2656964584061112,-0.8724059172536305,-0.5988391907893127,-0.5705944280583799,-0.5095707262602195,0.36141049878887266,-0.6141978656412939
-0.7661249146931617,-0.311931439784915,-0.4318640445407741,0.19205565331748758,-1.0,0.5273136483693668,-1.5201692955067827
0.39670397167926374,-0.30535547268343377,0.3795995964185805,-0.9686102482359258,-0.06391177606867382,-1.0,5.3987072748921285
-0.5612184805928278,-0.3450584014923126,-1.0,-1.0,-0.4273433175838923,-1.0,4.110004424054407
-1.0,-1.0,-0.8593266544655662,-0.6312792947562258,0.9417852940938722,0.7531583444615741,-0.667293428644748
-0.6154385703441683,-1.0,-1.0,-0.764687978881291,-0.29091035475035054,0.7567242657467225,-2.0387185153435317
0.28004319620130047,-0.12374053165091475,-1.0,-1.0,0.31351132384481184,-0.7108473596353084,-0.9989013737740906
0.8317737588706617,1.0,1.0,1.0,0.6764879931813328,0.36301446550977023,-5.984398976403396
0.7471697298558468,-0.4366488180352026,0.18279111331047282,0.09785656704195489,1.0,1.0,0.5381866611556898
-0.807744255046803,-0.3283627587603549,0.2593376965408771,1.0,-0.3682795731513362,-1.0,1.8706967751597503
0.4067387781411964,-0.10080877961893964,-1.0,-0.09087561172639758,0.5971229212709812,0.00046856218144086803,-0.42376660328801385
-1.0,-0.7570189076559808,-0.6388846390392215,-1.0,0.4136516203784617,1.0,0.7796118335075871
0.40856013370265565,1.0,1.0,0.15740512919158367,1.0,0.5174489140612641,-4.195986213023442
-0.9538541804881067,0.21048548983768683,-0.5587566950644398,0.918415068515094,-0.7581409386094721,1.0,1.7415613370170657
0.26090422423728055,1.0,-0.4965641289893243,1.0,-1.0,-0.25329180274602947,4.641074776241718
0.11304252708115559,0.45724347651082,0.39697138021414513,1.0,-0.09723425592126039,1.0,1.2190767690187596
-0.27454231827173214,0.9612658198845623,0.2680209546276083,1.0,0.5749063282356388,-0.5411627995207305,0.9622940474644339
-0.5238647266197641,1.0,-1.0,1.0,0.615071989486816,-0.8926973695418977,2.31089482315075
-0.33628553348931584,-0.5734976750521941,0.08936880882481768,0.5350528455340973,-1.0,-0.20978290840119196,1.0342776851610391
-0.058652765713470556,-0.060116615316364475,-0.2709123794254109,-0.8573969034156665,0.39798210479421603,0.435513819041413,1.0920139121320316
-0.9540798640829369,-1.0,0.6400739193173308,-0.7674956726564188,0.01905191253460725,0.664145586651479,-2.0115541810197795
-0.014660182513445086,-0.8615073990136775,-0.4653597198731702,1.0,0.7471212071325908,-0.8663094318484238,-1.471270657185865
-1.0,-1.0,0.39313966386162646,0.9853578284968257,0.6052558175030412,-0.30470124345622995,0.9730352254532022
1.0,1.0,1.0,1.0,0.5088304304419579,0.6231145757284492,-8.174559155252235
0.1002564506488337,0.509259408033504,-0.2797017055799045,0.35340595600990377,-0.8650194700589029,-1.0,1.156473036134074
1.0,0.3343341621918008,0.6318186397040196,-0.9278343560129126,1.0,1.0,-0.692703526593079
-1.0,0.07720110377380696,-0.24270360332076868,0.22319314425864117,-0.03935085360050933,0.8704013506596096,1.4666255917081017
0.587084300929998,-1.0,1.0,1.0,1.0,0.5556766099743705,-2.7993571761126574
-0.2617204422520524,-1.0,-1.0,0.7596503791733995,0.13900395998210624,0.17599563992170875,-3.814102128793871
0.2383829718506263,1.0,0.3269438357202421,1.0,0.9803189444223618,-1.0,-0.21783100102500827
1.0,0.1947727933236904,0.6017697290909098,-0.06902778658331737,-0.3670357777580986,-0.23552170598873884,1.3844298793212269
1.0,0.28803523534993514,1.0,0.2231390440540862,-0.7619397160828825,-0.25944834849341847,3.417489236618205
-0.021671996033633678,0.5366882135848292,-1.0,1.0,0.3161050633390874,0.331666027653416,-0.19425211447199175
0.9919293595194263,1.0,0.5028193555295508,1.0,0.20694331603476926,0.08234100429554014,-1.48339355228051
-0.41284609038585607,-0.73474271024097,0.571545086184347,-0.09532836486441734,-1.0,-0.6622133159632668,1.713993696534994
1.0,1.0,1.0,0.31048500627860176,-0.17560342794654482,0.18756237057215364,-2.3745490915392877
0.5215677212665055,1.0,1.0,0.9851230975880233,0.8529999217930131,1.0,-6.741868025927925
0.3380160174432627,0.14190827656808674,-1.0,1.0,-0.1669922813051125,-0.22788751319282174,-1.5695103120242184
0.20042300540738833,0.23871289721534628,0.28365405143343136,-0.16788290454990462,-1.0,-0.7586828754335097,1.6722031584353654
0.9362613355552643,1.0,1.0,1.0,1.0,0.7984688471250281,-10.173573361437107
-0.9709663937017823,0.5701702381168481,-0.59164721831846,-1.0,0.8206793793492224,-0.12575591739235947,2.3228563084951994
0.4781612386636086,0.2989004250673104,0.321932410542922,-0.30786443787284823,-0.5812976629195088,-0.6155849846740058,1.0478091378683745
0.307330807418988,0.6757185552974359,1.0,0.14352806183418043,-0.2741327246069145,-1.0,1.9864147930757263
1.0,0.055057866100273634,0.36800551942247894,0.7692743682350092,0.5981035060361997,-0.2627414259022651,-0.7041949632942557
-0.1311123145528585,-0.7053072043759298,-0.27233388432153705,-0.7378218337278353,0.2698963788091693,0.10377203695214765,-0.5351169966669718
0.5509214868484535,-0.29890524855085854,1.0,0.43022205612024217,-1.0,-0.4376000324539506,2.9392092555853044
0.010106076327658836,0.0650463627485649,1.0,1.0,-0.46940906853524544,-0.5364991094205748,-0.5570001105634843
1.0,-0.20539774869315153,1.0,-0.22913653404808185,0.880575397878332,0.5369294702792319,-5.249855024586047
-1.0,-1.0,-1.0,0.2133934984154638,1.0,0.4132329446340686,-3.7332586295978953
-0.7832415366897143,1.0,0.6431767754164633,1.0,-0.5807348677229988,-1.0,1.3494418246473054
-0.10354959439435407,-1.0,0.7436976539370902,0.05847577706780077,0.6750108557468097,0.35425847751335426,2.1103538569763836
0.5338649161486223,0.29020750052525823,0.14649559209475038,0.8216678805927191,-0.0025520435892325555,-0.7479183776279295,2.101886950540933
-0.049051863154966346,-0.9563083567377431,-1.0,-1.0,-0.9533768073890302,0.12295585829520583,0.5640677998675293
-0.6752417179802341,0.8843405114029104,0.697193563151884,0.4971234633198996,-0.0999346795820929,-0.5637984021032336,-0.412158870484666
-0.3041891954220695,-0.7026271644068933,1.0,-0.3114793890093262,0.3535332309444297,0.3377224626791415,-1.4670416666550474
-1.0,-1.0,-0.23344547490607817,-0.6754984749380133,0.7318025610102925,-0.9146958540044757,6.477679727658534
-0.05634859395048658,0.21543073323075282,0.5351565641350806,-0.9989539001030826,0.05911390456407012,0.5320578472997795,0.03520195746306502
-0.5321052090987272,0.14977746700135533,-0.02051803365727234,-0.13568968889904728,-0.12399346014508117,-1.0,1.949526579748376
-0.24196641443608768,-0.6192747267406778,0.37741048139156586,-0.9423871160381616,-0.1422346047977323,-1.0,4.58643849267545
1.0,-0.6955097778853705,0.5887484695687261,0.7831926090411867,-0.3521214834955747,-0.4242002562522616,4.448710031759701
-0.5709191096895997,0.007006740198202188,-0.8977984062306597,-0.30842805805067963,-0.1673460201586654,-0.38952599572818547,-1.1710724022498202
0.1376199231655113,-0.757862696783392,-1.0,-0.06544005892912755,0.4057394050811467,0.07858224270939662,-1.2496570680822057
-0.543225876705874,-0.44151541439746966,0.1086813397184076,1.0,-0.4721077976821353,-1.0,2.174282982137332
0.9643186495624545,0.5476430778249963,0.23218759609135856,0.7393195919441314,0.2966397939762341,0.11742572356135894,-1.3707035910573337
0.8854837073789312,0.8864825248189765,0.2747686795237071,0.12717122354643418,-0.151377179203371,0.3540564253689028,0.02077279058072714
0.37925937095576845,-1.0,-0.815619587995755,0.10828561514743118,-1.0,0.687675449264419,2.469765696548811
0.7109790348639091,-0.7950572329794268,1.0,-0.1945041622500681,0.7536138172879281,1.0,-4.41922716154887
-0.6373512580476506,0.5183216665162871,-0.5170159224777954,1.0,0.10670177061159647,0.38574611981366924,-0.19148497370904682
1.0,1.0,0.21670627561404587,0.20436126521371556,0.13693101345845554,1.0,1.53295247049031
0.03599468894449542,0.4544808896682113,0.5957875887934627,-0.2664527090658095,1.0,0.20003513333395917,0.13103663432453294
-1.0,-0.17906707780748765,-1.0,-1.0,-1.0,0.0694063975668473,-2.317624704404069
-0.1015642956027944,0.34457634587343666,-0.67617909732915,-0.1256831902028895,0.5101796081616692,-1.0,2.686715329818063
-1.0,-0.7605248243286493,-0.9674915350517488,-1.0,0.7154551704349847,-1.0,4.675318411641909
-0.05779780262496945,-0.08824283657933296,1.0,0.9450565803034132,0.5697086662898818,1.0,-2.3410240131273943
0.3954889150397865,0.8043933153990805,0.030792293819834518,0.9505265055536898,-0.726078610463691,-0.509014584622512,2.96690987158773
-0.4754957260804838,-0.09347809000011054,0.03723052910230179,-0.2240108504268186,0.9043009954796836,-1.0,3.5982636357051225
0.01765267197136,0.294409249854408,-0.23399031303999052,-1.0,0.05098153728748306,-1.0,1.59466115530306
-0.5691089591795169,-0.1431750539010196,-1.0,0.17736449327954296,1.0,1.0,8.7861542030508
-1.0,-0.0242271971134993,-1.0,-1.0,0.38500861226612876,-1.0,5.646908267845123
-1.0,0.16466957476501262,1.0,0.10159079463050186,-1.0,-0.04816769754724165,-3.325265142644917
-0.18986694532901016,0.17804649487942248,-0.4091266084850887,0.08212953479897467,1.0,0.8515614904041794,3.6542790422284996
0.5903539740182742,1.0,-0.9438842005114034,-0.24647250708467883,0.7526948937145344,0.19366721675494908,2.036160331204237
-0.2778620704217205,-1.0,-0.6385468558300247,-1.0,0.7906987141827577,1.0,-0.5325727298590643
0.07076272528072575,-0.12370150602051941,-0.8280480854254674,0.7537990034563636,-0.12408903559643802,0.5220914610557058,1.7970676582814222
0.11439745132702457,1.0,-0.31723673802668534,1.0,0.07764783678680715,-0.7256799547337157,2.5216705067773124
-0.5228759119553222,0.24904663807072852,-1.0,-1.0,-0.2205904952167761,0.34148329607992606,-0.874430898813351
1.0,0.08233064547654334,1.0,0.4856233555421847,-1.0,0.0595433155361873,3.434592872949489
-0.3088017757025724,0.7250327540906385,0.04212977022146158,0.32679952986598015,0.6036283276498254,0.44805038550571075,1.5708383412152989
0.16638416457455163,0.3692709660080038,1.0,1.0,-0.2112873289692241,0.28594522406622414,-1.8967515002300515
-0.48861796288973014,-1.0,-0.5327790824055252,-1.0,-0.9211856091776248,0.9156148558916716,3.3545430036005595
1.0,1.0,0.6377713165843555,0.2551325762379175,-0.8245896646306274,-0.05358221155683851,1.7707485998095183
0.2829988000972585,0.5465447888961994,0.005313383893946422,0.9711816013069778,1.0,-0.1709147704313057,-0.27773686692762556
0.15825996554297303,-0.46510614995407207,0.4162043342676465,-0.5808773726859991,0.4953354008848105,0.354295575946216,-0.9838690775709289
1.0,0.579236744126252,1.0,0.383321773714026,0.45533036319131615,0.26207483375350504,-2.4729072174274367
-1.0,-0.9349854274851876,-0.9058805949821642,-1.0,1.0,-0.6831446113739845,-0.22544249025596297
-1.0,-0.8149773782605911,-0.10987986314856607,0.5878336999142992,-0.3429674629176329,-0.6930744947871876,-0.06292716888790859
-1.0,-1.0,0.12404288720782064,-1.0,-0.2903093604542173,-0.7219261742421436,3.160814278249084
1.0,-0.6825773451882445,0.8477620791041384,0.011365666219008932,1.0,-0.3974727274395881,-2.483117694217304
0.2573956008379843,0.3041478903567659,-0.02530165549224017,-0.40094878965328373,0.6285644703320408,0.2465855613734257,0.3024860788785221
0.40986472332923407,0.811575639710089,0.3018702551986131,0.2408514308619456,0.5505012092784896,0.3483406201972124,0.023317618434601783
-0.16949504856588252,0.5141532753240463,0.2761457689198695,-0.8176414369233242,0.8003897671718556,0.35156142064671947,1.3706740499443306
0.11423555617995002,-1.0,-0.6754270669446807,0.13622148235072978,-1.0,0.14443765529688557,-0.11379218315073236
-0.35023138153610134,-0.2776998106653329,-0.778276753531947,0.06612193978573067,0.055434041811657564,-1.0,2.883001456938176
-0.5096187822210259,-0.339917130207759,0.5532540794074536,-0.050449661430960996,0.4526496017477051,0.3957435164052903,0.7610664376963202
-1.0,-0.4899226259164611,-0.32811532374884833,-0.005161177507346126,-0.32386922565398624,0.5780035412821088,-0.9047587637024253
-0.6444901052297146,0.8783889366146722,-0.435498055777216,-0.5660264835678864,0.6861057694720485,-0.007038656220700434,1.9480485560044274
-1.0,0.08548672435350768,-0.3523314505385172,-1.0,1.0,0.2595001722961284,5.035632704782501
1.0,0.8734401203464077,0.6441884469627026,-0.34967352501313587,-0.4841405782859849,1.0,3.657798225903015
-0.16220080141244136,-0.8814416008094104,-0.8897179582059556,-0.12995273535495133,0.42921952934814234,0.5719311328402417,-0.3649277582846139
-0.9721115458421574,-0.36379241184708677,-1.0,-0.14773129392584394,0.5824964473633242,0.33130056371902805,-0.06586047534507408
0.42337863207965987,-0.17906951849837588,0.7005209796527856,-1.0,0.9608562201413506,0.6925586033817479,-0.8665764524080781
1.0,0.8057997257770042,1.0,1.0,0.8572556530055245,0.31156850823607496,-8.081813961810736
-0.26674260616296586,-1.0,-1.0,-1.0,0.3139566785770127,-0.5137793828613564,-3.2599467043969015
-0.7400585515881748,-0.33595964090570446,-0.007443411493362806,0.03517792460156757,-1.0,-0.7112517791907871,-0.7090892027162562
-0.9951398544480071,-0.7674572156451358,1.0,-0.3935786577747551,-1.0,-1.0,1.810287243280494
-0.8377150573923831,-0.3416840122804352,-0.059933359004063935,-0.690388952815268,-0.23999196478950457,0.4188580800511397,-2.0915222664389987
0.5541020147909173,-0.8640476069732089,0.16775160875881695,-0.13928173789019965,0.29899241162613466,0.7147374314129517,-0.16191987504652022
0.6923637657512638,0.3547761045912681,0.7086030766000634,0.9865955567112088,0.3053869844569892,0.972525000828433,-0.6068806058612609
0.8876218349118554,0.5166069027177465,0.9560186233017767,0.5625044338849581,0.6450110428091387,0.47893358411761655,-4.2614002684492505
-1.0,-1.0,-0.7928854622256125,0.5600160700135932,0.4164253439637864,-0.7233614130135253,-0.5673548925185184
-1.0,-0.7846784201013695,-1.0,-0.42792674771493355,1.0,0.5895352736345014,-1.4144262900192477
1.0,0.8240094184521094,1.0,-0.19310203893271394,0.6116691407383339,1.0,-3.7765830810000645
-0.7830452811183816,0.09369558924931054,-0.1083944956083851,-0.6128034467967312,0.7908049619752534,1.0,5.374020477176049
-0.9335460735563621,-1.0,0.08523822871301279,-0.39244174108415897,0.20411927269209929,1.0,0.12355687519296416
0.9596715670863625,0.19532007675516294,-0.1744067253885636,0.45715990155853004,-0.7854448312040498,-0.017474032791217897,1.4332686977234828
0.5774882213493489,1.0,-0.04878155108266677,0.349087499253661,-1.0,-1.0,4.1337657948405635
-0.007275461817176199,-1.0,-0.934058156559024,-1.0,0.6986148703444914,1.0,-2.585981963145165
-1.0,-0.2769608357998532,-0.9120937839606857,-0.7689008575981511,0.8407268496484228,1.0,5.513366053743978
0.3586725499516299,-0.24890959266409574,0.42396977743678976,-0.7897843624758818,-1.0,-0.10376235826490487,2.596083443579745
0.7958145406256993,1.0,1.0,1.0,-0.6683419052481275,1.0,-0.7501068650630294
-1.0,-1.0,-1.0,-0.7206705360628353,0.7997094363573221,1.0,0.3063412278106557
1.0,0.40917701379535865,0.10103453921770653,0.7426056505397872,0.02746487283382007,0.5395758113259643,0.1780964199199167
1.0,1.0,0.12087947337950039,-0.4487024370665373,1.0,1.0,3.2652019859717227
0.37826182912347456,-0.26174823376022593,-0.0024427180335280796,0.6650678580894187,1.0,-0.9262250236866492,0.6414212435331268
-1.0,-0.12331570006373949,-0.780074535651774,-0.8347876931190379,1.0,1.0,7.989827597372221
1.0,-0.5894286153326465,1.0,0.12747140403688115,-0.07138843884818347,-0.564155611568032,3.971699972836057
1.0,1.0,1.0,0.8346849753345651,0.49336181249205513,0.47573759668460175,-7.205016454264213
1.0,0.6010500264379679,0.3859373939574573,0.853236582455793,0.11090453467734394,-0.7138666725300072,2.6674051017368483
0.33297964503088484,0.5718421798776876,0.9646056466680342,-0.30236172611842815,0.019581553337919833,0.5526782260401117,-0.6543886994033445
0.4113972029698807,1.0,0.5242820876046691,0.02830090440346844,1.0,0.7811447029141181,0.4936888506587629
-0.7129846466948438,-1.0,1.0,0.7200680950434686,-0.3226592504490484,-0.32737075532216603,1.3603303229542738
-0.9965639242087665,0.6133622439445835,-0.0478479583645971,-0.8102376011021185,1.0,1.0,7.944419707922868
0.671060188465213,0.9691552497647741,-0.19195406758247446,1.0,0.8008632163624876,0.023015042469128222,-0.07392089457074602
1.0,1.0,1.0,0.18571417855349948,-0.17410450345328898,-1.0,0.9571770789468828
-0.33943661796850244,-1.0,-1.0,0.186695940811207,-0.6260572189509432,0.2368039549899279,-3.385145600841504
-0.10603693850028884,-1.0,-0.23239407396116873,-0.16344116696083044,0.34171070110782453,1.0,1.4734876603066889
0.4997179869303434,-0.23545102321131625,0.2235640866450795,-0.04900933542864144,0.1325411969436645,-0.04909824866477164,-0.8699703709903504
-0.5544825302238277,-1.0,-0.5818577729043652,-0.9237692269994149,-0.6213564693757153,1.0,1.3747437959169024
1.0,1.0,0.6134778534117369,1.0,0.4808466305827646,1.0,-3.588248469856035
1.0,1.0,0.9119812932724141,1.0,0.5589871861266679,0.1431484009411465,-5.710895328916575
1.0,0.20880770317305486,1.0,0.44925819279707757,-0.9475318320889385,0.646300479904484,3.0741563640178793
-0.9519311604225218,-1.0,0.4514569096322193,0.40073713600980176,-1.0,0.6553271659730164,-0.9485032317712746
-1.0,-1.0,-1.0,-1.0,-1.0,-0.09055059250095931,-2.610733027812501
-1.0,-0.07395264949898989,-0.9018393409682395,-0.30458049162990775,-0.6430437019277899,-1.0,2.519053469839261
0.697492435667308,0.9729422034779984,0.9476796998664869,0.9194930097467866,-1.0,-1.0,6.218047454501853
-0.2035457304557069,0.32792077112712337,-0.09911832270667946,-0.7209134892642963,-1.0,-1.0,0.5603356862220014
-1.0,-1.0,-1.0,0.0795242333487226,0.5705550512350643,0.44067127577410997,-2.8825882697784455
-0.5567640810939788,-1.0,-1.0,-1.0,-1.0,-1.0,4.899196817057962
-0.9179197883614018,0.2532131025170776,0.4514796373139194,0.307095571261206,0.3749386108645024,-0.3006717095506798,1.6640597318224237
-1.0,-1.0,-1.0,-0.1726647490063931,-0.6165848140407977,0.46253413193952514,-4.018928753736138
1.0,1.0,1.0,1.0,1.0,0.9481672771818547,-9.347216423965635
-1.0,-0.23943491631343017,-0.00683890474501625,-0.415523634227412,-0.2974636919637823,-1.0,2.013555876928611
0.1649085713121231,-0.9164553923452776,-0.3486764637921195,-0.9415393838180985,-0.5986180631135956,1.0,3.90256805170009
-0.9907481220804107,0.476857251134346,0.3607316179987885,-1.0,1.0,0.2767758306578645,4.424220748970752
0.7312391310284944,-0.8801875551966061,-0.9392104000094743,-0.212695396044575,-1.0,-1.0,4.92881264819769
-1.0,-0.5454751594624576,-1.0,-1.0,1.0,-0.8099610620595553,1.5289358404965487
1.0,-0.43869847841339504,1.0,-0.34346043875274207,1.0,0.12586040647897462,-4.444902543895647
-0.5415098963241494,-0.9004840705767881,0.9473788512224306,0.6725430275587503,1.0,0.4014521742074586,-0.14650023286830427
-1.0,0.07668825734858586,-0.2179186904037474,0.2900643251952706,0.313799156356634,0.8082645792754147,2.3955162168890447
0.2585147022612786,1.0,1.0,0.33719503284792984,-1.0,-0.4275712853381961,-1.509952170007152
1.0,1.0,-0.4198380554113859,-0.7099037646669372,-0.6342741706277215,-0.4370609763866371,5.029603665492276
-0.9223473349004444,-1.0,-1.0,-0.12954317027547924,-0.3488640392862906,-1.0,2.337252926097025
-0.18848587658334293,-0.8896195037146812,-0.4671568256346589,1.0,-1.0,0.09315987929216862,1.166404223373403
-0.38121455661042725,-1.0,-1.0,-0.7305253301282182,0.0984265437770214,0.002052735716551901,-3.5199032029879502
-0.9724245773166798,-0.8973094441395693,1.0,0.6980406836615286,-0.12524759540251185,-0.7844398529519134,2.9472298200135882
1.0,-1.0,0.38291831647721425,-0.7068164264013983,-0.21787010651046623,-1.0,9.961815691074154
0.9614388910289944,0.1111686984008714,-1.0,0.08934979294419343,1.0,-0.015590904073690348,-2.34171609655805
-0.7021149347183779,-1.0,-1.0,-1.0,-1.0,-1.0,3.929920122373918
-0.6223781987691198,-1.0,0.2792041836530948,-0.5481054723664314,-1.0,-0.7117824193137485,3.8563575901146465
0.7781761189994411,1.0,1.0,1.0,-0.7186086895944556,-0.3783856198284494,3.1015292066588573
1.0,0.24476423684712906,0.5144898911499115,0.5357010861698286,0.021756768301992628,-0.5641965101460559,1.2030385216850767
-0.9385199022150152,-0.6451777409465447,-1.0,-0.7012525449970712,0.4097503632047206,0.9977789218657509,4.63297573860911
1.0,-1.0,-0.5092647583228768,-0.30971846115788193,-0.1953317948302375,0.9264153377944303,-0.21284262235480889
-1.0,-1.0,-0.6689164309175741,-1.0,0.8613170068986833,1.0,-1.047770909034017
0.5283260567125307,0.2909748955525846,0.5076086947036194,0.17089076526859248,-0.18753337315123308,0.45011291379840557,0.4588188974700767
-0.5120573974850441,-0.25561694295615894,1.0,0.42241306483524343,0.5815361118487465,1.0,-0.305418700870393
0.8868194207291428,-1.0,-0.3393404581440229,-0.5644598830328932,-0.8566504919614923,0.07866738905969989,3.4268811918937763
-0.04546610095241155,-0.2370014104704462,-0.765807393976572,-1.0,-1.0,1.0,7.517653678890331
0.8171538315439693,1.0,1.0,0.2895688784628503,-0.3265753399877893,-1.0,1.7133841801722407
0.7914741078518337,1.0,0.950980395270396,-0.7727924970815793,-0.7627409077167063,-0.2855923664743588,0.5077511906475004
0.4336580344426181,-0.07861100155090317,0.07543420259718452,0.1492928792896507,-1.0,-1.0,3.694553649918884
-0.6707188487822747,-0.7725406560742045,-0.38061400156921654,-1.0,-0.7469961425408468,-1.0,4.667390399818762
1.0,1.0,0.135353830044173,0.4766844109072903,0.17988593427168387,1.0,1.9512405973517308
1.0,0.3583685119604427,-0.1898068162070098,-0.004069629650160889,1.0,-1.0,-1.0252243906734082
0.8337441434659274,1.0,0.7303178104998571,0.595838716796623,0.2314320127508286,-0.33306798960917605,-1.7398906876182942
-0.2111424258489023,-1.0,-1.0,-1.0,-0.6179934571821837,-0.13612283936518982,-2.073998590092186
1.0,0.8372857276204394,1.0,1.0,-1.0,-1.0,7.9042061286790535
-1.0,-0.6390853820525475,-1.0,-0.6955326925134442,-0.6832444297083664,-0.752124420264791,0.48387113537627163
-1.0,-0.2194386695422207,-0.030887935761425706,-0.6675209054361783,0.48794052473446947,0.9490182435586698,3.148141658928595
1.0,1.0,0.9520157153938364,1.0,0.04916269234434015,-1.0,2.1035216664353578
-0.3273831590329064,-0.1354510849434264,-1.0,-1.0,1.0,0.7954213716772649,5.038289250654564
-0.11806806611293319,-1.0,-0.1801068295075608,0.5316359693460289,0.1511960849614991,-1.0,3.159404945147793
-1.0,-1.0,-0.977711607041189,-0.2822966561006254,0.4671985662305932,0.5881961280222121,-3.015306964316208
-0.052328844787705275,0.4535131735364206,0.3529958467754861,-0.004885906239977311,0.7263277500957338,1.0,3.584291934804174
0.1596226527892517,1.0,0.5837916470934622,0.8988971744623728,-1.0,-1.0,4.844844278369533
-0.22906015627523924,1.0,0.7978905878636581,0.47290254169630286,0.4070350034473995,0.8472779480498164,-2.826925507530622
-1.0,0.2626978274807674,0.5604922228865229,-1.0,0.5047366578903674,0.6742573458347425,0.024653257858411104
0.8754401626804578,-0.41453311725249725,1.0,0.46316801823461073,0.772283351752351,-1.0,-1.4849981213001662
0.23563383699126186,0.7688320344283385,0.29888583201681507,0.5309614862675607,-1.0,-1.0,3.602254426683787
0.986787232922767,1.0,-1.0,-0.40777707585494816,-1.0,1.0,14.263629603473662
-0.3573877678893117,-0.8043031178931923,-0.35228493167152336,0.018555125960259655,0.5010017855124316,-1.0,3.4249030216229785
-1.0,-1.0,-1.0,-0.044408601377053714,0.537284534862677,0.5185860777665423,-3.6003982855765226
0.49216488979674666,-0.15069571350622657,0.6272806706279399,1.0,0.05458261166067868,0.1298241569268901,-1.122504896096041
-0.13215138063393306,-0.025660749881465245,-0.08210965975187379,-0.1476465173533864,0.4631186716826171,-0.8287733861016543,0.9209818130371652
-1.0,-0.6789804301466353,-0.0958012625451583,-0.28097779504282966,-0.9632158714914858,-0.7818410442998096,0.5762273121865763
-1.0,-1.0,-0.5543755906614473,0.3001578967966918,-0.6992550851658824,1.0,-0.7779167310807859
0.2357249319734941,0.21469421784869303,0.39777508174194476,0.8684215243540514,0.4263215975701178,-0.7202981443640746,1.4780792805049474
-0.12704067543011544,0.2645783450442702,0.8924434352968331,-0.5065127538560654,0.48660473354653855,1.0,-0.3093023794479087
1.0,1.0,0.9226038773693739,0.9531963973351616,0.0636850875699505,0.5343903552826099,-3.865522870154685
-0.41256693140824613,0.10973342169396744,0.08084942617642099,-0.41059356654655427,-1.0,-0.6442938525201003,-1.1058555932253755
0.7389979364543501,-0.4886879787487297,-0.8490117571765511,-0.8343572988186907,0.7407206328771516,0.374680798568658,-2.275116919077081
0.985254279869175,1.0,1.0,0.09108836798155528,-1.0,-1.0,3.144285568940365
-0.42741269806288457,0.6024057857816889,0.801707563415574,0.3151303671916552,-0.6564890193908888,-1.0,1.0942194831483247
1.0,-1.0,0.7216702931049759,0.417807697290022,-0.20052762477884478,-0.180764325497618,2.901900257777085
0.9048954894412007,0.7612670826547475,0.09178574824942765,1.0,0.7767957476390137,0.33889009887990473,-1.8472182329154356
-0.46744202659333306,-0.28894278175557764,0.7320902277843928,0.42833298012940274,0.889657190809586,1.0,1.683121832951394
0.15250921835543374,1.0,0.3339918581857926,0.057572789254016765,1.0,1.0,3.4176640721253677
-1.0,-0.41786884064109286,-1.0,-0.5151728448417794,-0.6920771900346395,-0.3102571467756779,-2.4302689038664895
-0.2343408562737581,0.33493890480026156,0.21923690764492182,-0.6336878828807032,-0.7240142357240134,-1.0,0.8311171305377195
-1.0,0.9192582762126731,-1.0,-1.0,-0.8432538272284755,-0.779517270877681,0.7177099750104057
1.0,1.0,1.0,1.0,0.6568883316019387,0.5824358300489756,-8.583568786632197
0.7926155158239789,1.0,1.0,1.0,1.0,-0.2328366827869296,-6.399677034216087
-0.14050770691052872,1.0,1.0,1.0,0.8557237175038463,0.2892872021386952,-7.038727798842243
-1.0,-0.009715988621832539,-0.5297670128469437,-1.0,-0.135507038619624,0.7035357029516689,-0.21203648727690033
0.5593533551386328,-0.35115394864523664,0.34563053956827794,0.9665303943529131,-1.0,-1.0,6.566666198768392
0.22013997005142083,0.7162718739175167,0.5449969345498629,0.014511843431687876,-0.758847179040387,-1.0,2.2369548556662773
-0.08282450736435853,-1.0,-0.7086742985051036,-1.0,0.001940942101180232,-0.4591068826905973,-0.31027721225493343
1.0,1.0,0.4691322458233289,1.0,1.0,0.6885369250624068,-3.924322510208955
0.934904290492099,1.0,1.0,1.0,1.0,0.555103048014368,-9.451898685150708
0.8263823959772654,0.3884244239499546,0.5713453623407421,-0.6809498354377528,0.5806820701613974,0.4814259243249094,-1.760508229534043
-0.7462345107994831,0.8246246226671412,0.7299218274677381,0.28485066902710726,0.6874190293296696,0.3627090212663715,-1.1858425923234663
-0.4719570215265903,-1.0,-0.8860639554846881,-0.9206249114840268,-1.0,-0.13358840194824095,0.9952035826780531
-1.0,-0.08313432328256032,0.106597942315585,-1.0,-0.031130695975144507,-1.0,3.8077249798876194
-0.5382790749094111,0.08200748817009595,-0.5957415595969302,1.0,-0.3085221158187246,-1.0,2.358564337815036
-1.0,-0.1561632075376833,-0.46725119698494577,-0.5017092761748951,1.0,0.6813182349890998,3.121694735608073
1.0,0.41483676433248107,0.8620119406790305,0.5566134873500075,-0.03914950489691971,-0.7771360886622998,3.5083709571799715
-1.0,-1.0,-0.0272945028344036,-0.5984146398391984,0.48449040481780203,-1.0,6.198259307798365
-0.685280214793103,0.4485497246881895,-0.0284397695498384,0.06492648026944481,0.16033356944322508,1.0,2.9821337692990673
0.8342780425922025,0.1589792996487489,-1.0,1.0,0.776401908549555,-0.550761691895634,-4.149354824487678
-1.0,-0.5244741468169178,-0.6440455236588418,-0.6665343945001421,-0.7633840188805321,-0.6362357114667789,0.49315236187888556
-0.27791711247649553,-0.4904976894298362,-1.0,-1.0,-0.284732930508929,-0.9922143677511865,3.3451471897302176
-0.8835769572219417,-0.4477605402094413,1.0,-0.007584006061551851,-0.15830142214639903,-0.13093027325699746,-0.005085382438890174
0.8664068571023573,-0.07727304451813344,0.5681424975733658,-0.05314960595323737,1.0,0.5850153199785848,-2.84741756219289
0.43717713386359947,0.7703676138319674,0.22774732120847507,-0.37734318604003014,0.5089179219797844,1.0,3.4900313334004966
-0.15413684626688973,0.4272854335347813,0.9922391270628506,1.0,0.07874868526792195,1.0,-2.9325784121118863
-0.500327902444762,0.2548647733118463,0.9061719103176441,0.33601692769672953,0.06381526920670111,0.7333642948941211,-0.22693042770073013
-0.4164394492579271,-0.33299458425261674,-0.41036872558189147,-1.0,-1.0,-0.2853248041869738,2.229192258864216
0.9492952955488844,0.29269837591390035,0.6021942913353198,0.5116844611063792,-0.8242051708373526,-0.9324295011897037,6.6903973543230375
0.21359274789479307,0.34292834328207006,0.7062103037385523,-1.0,0.7435760231519895,-1.0,1.911983868922534
1.0,-0.27888014933113586,0.24374438211856303,-0.12716806682585402,-1.0,-1.0,9.374582184344453
-0.004526204838377512,-0.41457649965475685,-0.5392950243006777,-0.37636304422994343,-1.0,-1.0,1.7776204273825846
-0.7925002075370174,-0.7869285129966481,0.4531035823264049,0.587640994090755,-0.6734195216742136,-0.9049922790180871,-0.3657086593099763
1.0,-0.926937575151199,-0.18676117286232935,-0.30118794876158095,1.0,-0.3360376108835744,-1.2983121449030675
0.07293439667085588,0.25179469212811045,-0.4171876328171382,0.10611106766107037,-1.0,-1.0,1.5049749695348225
-0.39449906306997956,0.5602893671650845,-0.5632288895330564,-1.0,-0.13808507606341547,0.2857522609007336,0.9217304299563376
-0.5141517005307887,-1.0,-1.0,-0.2051559014494646,-0.17066739249357077,-0.16983643195614317,-3.557195490875635
-0.05454245750510345,-0.8887587309543055,0.04932740529587243,1.0,-0.3077302016680415,-0.8850457455400024,2.210403949139862
0.7206724665280957,0.8177675034645335,1.0,1.0,0.4681994209644371,0.7740272584602738,-5.283813500136475
0.45746721302931814,-0.18319652550649934,0.33381716913538106,-0.873866708477467,1.0,1.0,1.5232651999108544
-0.2392492979817229,-0.6933962072281725,0.15020952223977313,-1.0,-1.0,-0.5289700390358965,4.735674339573101
-0.9721615161545085,0.30710117711856144,1.0,0.1184513390632499,0.09652239628241682,1.0,-2.6654459013359832
-1.0,-0.9190993267864459,-1.0,-1.0,-0.0663934493197651,-1.0,2.909657551215938
0.03398879778982339,-0.15859789931159574,0.18815909876774484,-1.0,-1.0,-0.3720094586645979,3.901122985606745
-0.6280401604393141,0.4081381291253057,-1.0,-1.0,0.4202757041038303,0.38741683563891643,1.3619363955155364
-0.07676687512657274,0.2411204517659139,0.6267796867764331,-0.0775830829043419,-0.7811172819172636,1.0,1.6982392731062133
0.5936149083618776,-0.30160864582509656,-1.0,-1.0,-0.014430807561496617,0.8246981700875433,0.8795206361272602
0.7055459960538377,1.0,0.8561181330970962,0.7504267059015308,0.11575754747110067,0.06018484531149257,-2.472142878486015
-1.0,-1.0,-1.0,-0.6711732670780102,-0.6078925656015093,0.664999059114656,-3.753190449917316
-0.24220961716712677,0.9158760336672934,1.0,0.3842986300324473,-0.07290586401701776,-0.6150541360694113,-1.6111869713211147
-1.0,-0.1492386008026551,-1.0,-0.6368094535798958,-0.11834473359581998,-0.889554327628769,4.7000986814806405
-0.7860544715281199,-0.6414342828817261,1.0,-0.716605031644669,-0.3460038150858582,1.0,-4.267092527927157
-0.16728444722392175,0.19083064712933084,0.49328346854372235,-0.4069305449267009,0.24870394875946722,0.45758988210903917,-0.03437325446439224
1.0,1.0,0.24636516478219733,0.4645259982922667,-0.47855915833497464,-1.0,6.179413433367813
-1.0,-1.0,-0.3273411262477388,-1.0,0.5492589511321465,-1.0,5.948969906164579
-0.19386439554616824,0.35093111559738366,0.2552490451017722,0.3557893904920179,0.8977643139379676,0.08145458437593711,0.34520397359464233
-0.7008233632247054,0.13480090670040978,-1.0,-0.5921277866098167,0.4875394084229647,1.0,8.66049761343411
-0.616995910661752,-0.1966562781719876,-0.9843008557466864,-1.0,0.6053625229591586,1.0,6.7377002903490535
0.22780147667267936,-0.5335026914130854,-0.6995828799515522,-0.5893125690169048,0.2993275767138328,0.9249244476969412,2.257712798886492
-0.7224718653027984,-0.12525999493354456,0.1992408790541189,0.5074403169910378,0.4401453266911586,0.293184099103748,0.983256277317354
-1.0,-0.40397780285864526,0.689348504102945,-1.0,1.0,-0.9537317174493274,6.631538984983081
-1.0,-1.0,-0.8838260154965321,-0.8117092895258012,-0.7581452777539524,-1.0,3.3925462473677874
1.0,0.8280388392774847,1.0,1.0,-0.6960425989214446,1.0,0.33061240142082743
-0.1814565524224272,0.25980255327598833,0.36543700359450954,0.03671361047179067,-0.1714451464386873,-0.9701211813893169,2.586740170476863
0.10279168815102507,0.9630971584423451,0.4022461027050218,0.003552738831383573,1.0,0.40158417663120966,-0.01829957772102586
0.9409357268177122,-0.04824402258131111,0.5665302283589805,-1.0,-0.7682630650833464,-0.2176159400360156,3.629776685310557
-0.7268211969114193,0.6878192224794454,-0.11495226146012683,-0.7663200230999357,-0.2490874283956993,-0.7887176071112216,0.41375468185138464
0.6391591168657428,-0.3347636826342961,-0.2621329045122598,0.6433849380288439,0.6492494498721991,1.0,2.453058659726688
0.4022368430113099,0.3388760431318998,1.0,0.005549961853659191,-0.3563606234977116,-0.9944004671263384,2.092514689969037
1.0,0.8489936338801436,0.02852080634108467,1.0,0.6616203243800547,-0.701663468756031,0.5372843996698884
1.0,0.5257927349088565,1.0,0.15729213032768313,-1.0,-0.6897050049937383,5.442693440668007
1.0,1.0,0.16987864894555713,1.0,-0.22138530561405628,0.8265573635344319,2.566812905821937
0.5056152913185586,0.22559570246475563,1.0,0.6191359209459751,0.13156849204536092,-0.17958359249309486,0.5419714181567296
-0.5293923374333088,-0.8140508534085646,-1.0,-0.032142919936312464,-0.5925361139398477,-1.0,2.073018964936209
0.6012366770703899,-0.5403136668930277,0.5696270551762707,-0.28889716439718377,-0.09727188610337081,-0.3237175017880044,1.5215405189893407
0.062333342019150306,1.0,1.0,0.6706018776814847,-0.6273166683510365,-1.0,-0.5159622450774208
1.0,1.0,1.0,0.7095845753468577,1.0,1.0,-8.061580277920545
-1.0,-0.20082899610107874,-0.36925270594062026,-1.0,-1.0,-0.373012723898699,-0.02271563264758092
-1.0,-1.0,-1.0,-1.0,-1.0,-0.5055207514561576,0.2289013911368894
0.47625975373632556,1.0,0.8864364977613057,1.0,1.0,0.6648770535552617,-6.410044071897163
0.09953222740313848,0.6532495744188239,-0.1994274314200999,0.09765987986282354,-1.0,0.07594428104450551,0.20896566792929658
-1.0,-0.8969972074226685,-0.2599234098182692,-1.0,-0.5371153599477883,0.8868469166844836,-2.494345399665353
-0.07510303003185648,-0.16065274424141185,-0.8994802392465063,-0.5486153682192412,0.5256023887319959,0.5090646528760836,0.6369153388235537
-0.3662275234968251,-0.6960412231406885,-0.24870690777792936,-0.4383756040122673,1.0,0.040876201658263334,1.1444623115272685
0.013810790085245661,-0.47065512916145646,0.652518638006276,-1.0,-1.0,-0.961318443897041,4.66094601913427
0.06899356436477908,0.617824261145819,-0.4800347111161239,1.0,-0.18676074710414703,-0.7253615093850327,1.4477209324194433
1.0,0.7121240427498929,0.8987473062873741,-1.0,0.3608103815233898,-0.5269786764082162,-2.088321554155211
0.6502279412810557,1.0,1.0,1.0,1.0,0.19633060772417382,-7.393475423851509
-0.2110270520447951,-0.9107079714262001,1.0,-0.1483451094894292,-1.0,-0.29009945313280083,2.990170996976848
0.9386806875066903,0.48587264132585584,0.7935761569184524,-1.0,1.0,0.852467744999471,-0.8768466044484153
-0.07964968199560954,0.10501461970769277,0.1680039649625493,-0.07457753518995885,-1.0,-1.0,0.7201010030556809
-1.0,-1.0,-0.9689526784619769,-0.4692533031797179,-1.0,-1.0,1.505889223898398
0.709547353373496,0.6919198480654113,0.008441044500688832,1.0,-0.2831370863407582,-0.6357237114578217,4.076512952516527
-0.08934209041334773,-0.6286944783517636,-0.3151788994723719,-1.0,0.2206788029582316,-0.9393585199815049,3.5398389593804644
-0.33269329594390995,-1.0,-1.0,-1.0,0.18024805029242963,-0.39660645320155585,-3.2004825452425703
0.3431619411151132,-0.32155244762438856,0.21436635419311784,0.89769093651864,1.0,1.0,3.72313410254404
1.0,1.0,1.0,1.0,-1.0,0.21021948754817762,2.57347902412886
-0.21599840327513986,0.7224125717103997,0.3502612920031088,-0.047441307683264156,0.7773501576055741,1.0,4.786015863846705
0.20684371687616032,-1.0,-1.0,-0.757867693128111,-1.0,-0.8068479561567935,4.0493711695865855
-0.46602092146700813,-0.7020539511979565,-1.0,-1.0,-0.05202755814780857,0.22861926126981572,-1.845735617687681
-0.7990412265586515,-0.7964044646806927,0.05839469972506972,0.22309831037151248,-0.9440859544067621,-0.6057775986397538,0.21962352501964344
-1.0,-1.0,-1.0,-0.7999556802016139,-0.27254913843469436,0.17005176997609664,-5.680989142714131
-1.0,-1.0,-1.0,-1.0,-1.0,-0.49437270868633165,-0.0026646901581864613
-1.0,-1.0,0.0638470497708874,-1.0,-1.0,-1.0,5.624027948081425
0.09090857021519702,0.2801216994805906,-0.8854546059671238,-0.3012841132406835,-1.0,-0.2983875376093227,-0.7340400827413812
-0.3979424251529753,-0.9890928593643185,-1.0,-1.0,-1.0,-1.0,5.233945480272865
-0.47775832959939335,-0.565603594428088,0.7116230843775345,-1.0,0.37161780763990276,-0.3476789882332616,1.9856461893354722
-1.0,-0.30525878367874715,-0.0954879473287027,-1.0,-0.19277076759016054,-1.0,3.1696198978409993
-0.012046198491779458,-1.0,-0.914474009883552,-0.28574433187822734,0.016135208302022308,-0.23991001475342466,-2.9274217805920753
1.0,1.0,0.2236446882796912,-0.2390026935027484,-0.5040720426899116,-1.0,4.236203356431051
0.6092510660563273,-0.5592831440281377,-0.7366308511357834,-0.23286270062743902,-0.8823982257032912,-1.0,4.012280713678433
0.0546924950300931,-1.0,-0.6082655540010524,-0.6595988722168382,1.0,1.0,-0.45015104115342053
0.48431088703810055,-0.6113044656002696,0.9049165630950216,-0.786633376238437,-1.0,-0.5827734085444646,6.683528439142395
0.3300443147359702,0.9622072726303856,0.1462507615853632,0.37126985914256366,-1.0,-1.0,3.533639557247429
-0.19558547021611727,1.0,-0.11953884320954417,-0.8395971635691626,0.40515932882707006,-0.8161950910981443,-0.794583365256679
-1.0,0.46374667451925916,-0.4560123192665453,-0.4768163193924586,1.0,-0.6827781967999145,3.8781452282251356
1.0,0.11441293808285347,1.0,0.7577968107557097,-0.8863471409708839,0.6659616484643758,2.5832145323568922
0.9632706160957198,0.9540614839971853,0.5539564529111245,-0.8895127386099432,-0.16595942630169347,-1.0,2.2040342482040334
0.1916309209898187,-1.0,0.006511610210136798,-0.3373492465919581,0.34627310404836353,0.45764642206182893,-1.2909552710044785
-0.6450335582529525,-0.9714388695198302,-0.5997444963345437,-0.3788294385105158,-1.0,-0.29132685520283386,-1.2694826938109505
-0.23147798106796824,0.05993051311259184,0.8347907490575266,0.771448790623262,-0.34648827305969176,1.0,0.801496022447882
0.3963302544389118,0.047720485203558816,-0.5188216260906641,0.26273865979158917,0.7846986429349633,-0.9015254614286479,-0.00349013638188328
-0.7341458281115069,0.8206704189594218,1.0,-0.07852362531533069,0.45726440390432865,-1.0,0.5539471276494451
-0.015709549683597168,-0.25852329306036764,-0.6929695179428902,-0.29824902084859195,-1.0,-0.6635733332899868,0.32605402732731914
-0.47542111052804165,-1.0,0.6703808071508741,-0.481238626229881,0.013556304723244594,-0.5822164011232882,3.847911412398109
0.11970248288583818,-0.2847477827039265,-0.7509131624762888,-0.5725895031924759,-0.9679101720037915,0.019682143759004886,-0.520323034498271
-1.0,-0.23514490899248242,-1.0,-1.0,-1.0,-1.0,1.751415456848346
0.6076432587382238,-0.3592935004726085,0.39383519735481753,0.4039958734651036,0.4763897065013386,0.15115918913391357,-0.6555115353998066
1.0,0.17107095952647322,1.0,1.0,-0.3206230608126831,0.7520783487777118,-1.9467168014446106
0.03614980331564649,-0.326504296591014,-0.914162786833163,-0.2258713722388226,1.0,1.0,5.694982893647535
-0.8289046612522469,-0.03142812301366105,-1.0,-0.3693153650607357,-0.5640301592634964,-0.92712209196435,3.111416874951105
1.0,0.35043592203220764,0.7692711581211706,1.0,-0.8913948495974051,1.0,3.3055357635001847
0.1429464665693434,0.009028262085527983,0.3272852312608445,0.008682029170405503,0.20409914611759963,-0.43454083823436657,1.1899026137266273
-0.6439293197221438,0.34132464473860946,1.0,0.024823356573150067,-1.0,-1.0,-0.9668087454979465
-0.807711987669555,-1.0,-0.9333999808895985,-0.3996051444832962,-1.0,0.48474643966779407,-2.9701291854476617
1.0,1.0,0.775730377123224,0.7629069150019658,0.6073319272227786,-0.7722646515438721,-0.8618380071949109
-1.0,-1.0,-1.0,-0.7393523455759794,-0.6081747240313686,-0.4920977449996249,-2.7870638238959944
1.0,0.7517805909372286,-0.20728268966419205,0.34857048629946985,0.9206541299285395,0.9215734190557372,0.8028644918776133
-0.19023403734769295,0.9083147729262903,-0.02578291094208353,0.3290141714109007,-0.7100208298331092,-1.0,1.172010521402512
-0.4290741850678613,-1.0,-1.0,-0.21444993776656596,-1.0,-1.0,0.49289875568432084
0.40775029125178264,0.249834910972351,-0.6683387367405689,-0.10564559536141599,-0.6541928128219054,1.0,6.517880413250509
0.4361247278570579,1.0,0.6577212977463933,0.3174745663437115,0.032801595706834955,0.30092710230068387,-1.6233902148886152
-0.634197265317115,-0.4865160085332043,-1.0,0.012684480603230464,0.864855665780232,0.16030586088825916,-0.4996117752938176
0.8946568542096645,-0.9516883312585196,-0.329236312016121,1.0,-1.0,-1.0,8.757278337855237
-1.0,0.07596070889385254,-1.0,-1.0,0.36383367540085326,-0.30219383436444325,-0.799278753687815
-0.6746017028415194,-0.6572773663511877,-0.18298929541820486,-0.46222520322283267,-0.30562894635547433,-1.0,2.829040507659393
0.42971677690609245,1.0,-1.0,1.0,0.2998941692450648,0.7362665446933797,3.0932503369949793
0.03134030124689437,1.0,0.1990774872598005,0.5594232629783535,-1.0,-1.0,3.1200079715144877
-0.5031901661055298,-1.0,-0.5175358119936553,-0.6862398247498667,-1.0,0.6517135474597879,0.384245495427664
-1.0,-1.0,-0.9954777398372694,0.06314445413181902,-1.0,-1.0,-1.049444215316829
-0.17200293891023088,0.21158960479163536,0.5890992368215184,0.8120074092209295,-0.2702605669134735,-0.6807776149784743,1.5337879834671115
1.0,-0.595250503742807,0.4247090254560149,-0.22812626708106645,-1.0,-0.127541349442984,4.272426929572444
-1.0,-0.7941095883716232,-1.0,0.6399041721149092,1.0,0.5365200335231988,-1.4080052191083943
-0.7386750564856124,-0.28292924740069153,-1.0,-0.10132034610404075,0.9637978968280121,-0.0500355146654613,-1.33139243137355
0.04781203726797362,0.7618937483628503,0.3990410063041614,1.0,-0.5481909117047665,0.4333532547118801,0.42808374200296523
-0.05568904389653828,-1.0,-1.0,-1.0,-0.11655072016510776,1.0,0.4424983753086595
0.7321688942011366,1.0,0.06941667271162533,1.0,-0.11172689610145604,-0.7157092623537431,3.381585983297787
-0.03734114972066399,0.7017517244550264,1.0,0.05382707087990224,0.350252404480091,1.0,-0.9401147964409058
0.5381992866407468,0.5183232545179725,1.0,1.0,-0.7861411224778645,-0.17213637505468726,0.4508249465318238
0.4301749646685098,-0.6438582363715677,1.0,-0.7205953047160005,-0.6201186580748046,1.0,-0.1847588783094506
-0.1302679569132686,0.13525674065308502,-0.9059854336586252,-0.4316912301197252,0.11111700685081333,0.9688123500426514,5.784061733836276
-0.055559451255507986,-0.1606382953575185,-0.07474121670887235,-0.49800458135611125,0.24791053816448128,-1.0,3.079069934030853
-0.24020790447553153,-0.23501990894702388,-0.809357313776124,-0.7242970399738198,0.34966024851173516,0.2541980913373554,-0.6352175218648491
-0.7373628198359511,-0.24072396692887976,-0.6570960672597629,-0.27971888815321494,-0.09417646210597175,0.6007061559281399,0.2643727871316821
-0.8849901679361002,0.31921843847029074,-0.8333477185235594,-1.0,-0.9428874796068984,-1.0,0.791791997095896
-0.4854275633664703,-0.6749877647145643,-1.0,0.003408966857605278,0.32204134134854767,0.5243587505891423,0.17105841997618199
-0.9897945676889341,-1.0,-1.0,-1.0,0.24486386282232941,-0.4755468200267472,-4.496306963592492
-0.24640888273092548,0.5018874243152287,-1.0,-0.2680938218907179,1.0,-0.21179398059756815,-0.757329936066823
-1.0,-0.43260154028653064,-1.0,-1.0,0.6615831877296073,0.6198695310642572,0.3474601522104168
-1.0,-1.0,-0.4571891472676233,-1.0,-0.10605856259073843,-0.36225910690043306,-2.1676448930265724
1.0,-0.1715977425735982,-0.36424734648959534,0.21377111965551973,-1.0,0.11292337077869385,3.4761185588792314
0.4816414207240094,0.630275335755806,-0.7511051597975068,-0.1796087273580036,-1.0,-0.9890207377504121,2.3199100989050194
-0.6078814255501734,1.0,0.1332180737514287,1.0,-1.0,-0.4915298530106724,0.6407581310576563
-0.9947382818944708,-0.5470046141147704,-1.0,-1.0,-0.40182788428101823,-0.030266826012748604,-3.2990391797012992
0.08204733174758894,0.05809338534982067,0.24425394865607664,1.0,0.6919761670745813,-0.6226469678532022,0.9908988645470737
1.0,0.3283571166244361,1.0,1.0,-0.7633647231475287,-1.0,8.15651184283097
1.0,1.0,0.009887806841108904,0.7000867684075693,-1.0,-0.5102220534579851,5.947397056372062
1.0,-0.2879728661841055,0.2906363963445106,0.045111969844546684,0.7349905145815618,-0.033698706023317926,-1.7901739811177242
0.11631693099138218,0.6419341448034342,-1.0,-1.0,-1.0,-0.6045005875847274,-0.4562825422095803
1.0,1.0,1.0,0.16486075699978553,-1.0,-0.8056560830029731,2.386133942268904
-0.3707684696242981,-1.0,-1.0,-0.46086206624782666,1.0,-0.3900878448503182,-3.174212340404394
1.0,1.0,1.0,0.7295668959613101,0.8686035322002622,-0.29217782458371677,-5.241146813824531
-0.5395960275235774,1.0,0.6824116257319648,0.4703938257406658,1.0,0.9692873570480931,1.205964128159375
0.13618673959724747,0.5699691132197127,-0.07560243629376284,-0.442077446524221,-0.9938352863317652,-0.527575498235505,-0.1547450196933271
0.08769403530449943,0.05125965808284472,0.5872575077293988,0.9139361781362367,1.0,0.3726793774884738,-0.45314448988313805
1.0,0.30745091154577375,1.0,1.0,-1.0,-1.0,7.827647455886602
-1.0,-1.0,-1.0,-0.32225692404112816,0.5982464836764093,-0.5161607583644843,-1.7495199782161317
0.0824186290029546,1.0,0.5522110930794267,0.3828399367705368,1.0,0.5396324388828808,-0.5495364110140576
-0.007753453122921028,-0.1079461689163535,-0.19942043880180582,-0.39088389100485577,-1.0,-0.47561918004190196,-0.3603633126495285
0.050524398851315044,-0.6522067072498383,-1.0,0.4081227091015249,-0.6309692835277644,-0.5650660343298992,-1.0213344976865535
-0.32217001142744045,-0.0060650582006056344,-0.8307341076753254,1.0,-0.6935519465372864,-0.7709984878135934,0.4806496906681074
0.2426596562112524,1.0,0.5430978084555804,1.0,0.6103558877406601,-0.9602681895303002,-1.6078885765891764
0.45923067989619737,1.0,0.9040306744703273,1.0,1.0,-0.075001117769666,-5.86889613222672
-0.7357233002402699,-0.40162875590658254,0.341138881466741,0.2720998504846309,-0.3214138110213314,0.15048999710113808,-0.25264287839212085
1.0,1.0,1.0,0.9299078004274796,-1.0,-0.4960223883920596,5.336334399065516
-0.10626714974263672,1.0,-0.008355256906658504,-0.997662530804154,1.0,0.2941439249869653,4.628334085189779
-0.6963334130083241,-1.0,0.9631140978787254,-0.7624615697734874,-0.33697570650709685,-1.0,6.0562118673955725
-0.4798175738940113,-0.5775715673524973,-1.0,-0.810871067092098,-1.0,0.2412697689157715,-1.003160478803247
-0.5887033056022088,-1.0,-0.6522149133730746,-1.0,-0.23849091156816915,-0.7722173863493873,0.8125831366660494
-0.1946158293860234,-1.0,-0.630134835038533,-0.4060454807745313,-0.4602420250475292,-0.11397172263975287,-1.3783444617548923
-0.5623621427068507,0.5646364461670046,0.3700631483009522,0.9891182055673807,-0.7930934600375952,-1.0,2.689565116615472
-0.37129275771842357,0.5966726547019108,1.0,0.4893645344950608,-1.0,-1.0,-0.5483364992734685
0.6326954239702618,-0.17540520764169065,-0.10397094307713717,-1.0,-0.8279823242014035,0.29395324498605696,2.6530134017188285
-0.5352911193704253,1.0,0.3841244316659891,1.0,-0.6860910427582083,-0.4168046908453976,-0.6399035393938196
-1.0,-0.8282467277329795,-1.0,-0.44032989474620887,-0.8087572108092325,-1.0,2.4417166511887065
0.06597199597445191,0.13578105575467458,1.0,0.7824070731223293,0.40529649154591896,-1.0,1.26022278484362
0.7720400004079538,0.5555130846437364,0.11308856655294397,0.9080852699744445,-0.7538175895234345,0.3163986432617414,1.283489128229672
0.02826488861937393,-1.0,-0.686477916421284,-1.0,0.15611279339619744,0.06138256002424708,-3.23834338036924
-1.0,-0.630137671424589,-1.0,-1.0,0.4139666396717013,1.0,2.6783413100886873
-0.308106617939777,0.26547813888115196,-1.0,0.3250899323883662,0.26127408620658266,-0.4537388395835049,0.4257618832136456
-0.3964181818224258,-1.0,-1.0,-0.42052412929405364,-0.9090603120347829,0.061815578090791634,-3.0370076097067176
-0.5263150246851804,-0.010086656122795828,0.6362941842047752,-0.5863585954665177,-0.4027154489039222,-0.39935995419231624,-0.7711521021933699
0.43445117730319427,0.6385428074540975,-1.0,0.9419539633757399,0.4684075851141217,-1.0,0.11007248165270361
1.0,1.0,0.8956674429421589,0.4024502428882577,0.7896170457794487,0.7721925577637797,-6.042627646307013
-1.0,-0.09273169056350472,-1.0,-0.3414073600125622,-0.9252125468956423,-0.8928639290939584,0.08172982919482974
-0.24440656601586222,0.4286380735065307,0.9847904753059303,0.8812339067642329,-0.5440979093337451,0.4689678743274146,-2.8514605954619237
0.5854818601700047,0.36754131033619136,-0.9831163034836424,1.0,-1.0,-0.9885909414243674,3.5553962458698605
-0.729295420023684,-1.0,1.0,0.5182002033731423,-0.36377622666620546,-0.07390491681374838,0.9692674056676029
0.007014515019856421,0.31731654220749755,-0.13122595441205923,1.0,0.17979132321066832,0.31338320782449447,-1.0912479143280895
0.6021224559313358,0.962794866297265,1.0,1.0,0.986079586739335,-0.03660986633422281,-6.979803482743908
-0.18349712244131178,-1.0,-1.0,-0.7612789827871647,0.7452355335183156,1.0,0.393489203168119
0.4402990497927235,1.0,1.0,0.16301640572764553,0.9038894727615079,1.0,-3.1910988874444097
1.0,-0.9798195335882551,1.0,1.0,0.607772363454736,0.33177915450322426,-1.1047119613788308
0.6279719986161268,-1.0,-1.0,0.170703599705742,-0.3423463776243414,-1.0,1.7646284811487192
-0.9031742735248418,-0.9152803541433999,-0.8958111744547964,-0.76590969794391,1.0,1.0,2.7886041282409866
-0.42509399193121594,-1.0,0.021925046398377446,0.30480139250290184,-1.0,-0.16099670549709932,0.01819558546756722
-0.28722814793000895,-0.7715320966012511,-1.0,-1.0,-0.04362676059576642,0.1224451137830943,-3.664727991296827
-0.5797071933246567,0.38949433853713544,0.3768916034654278,1.0,0.8899192635408473,-0.2526683590997477,2.3847345078421522
0.4538814569842403,0.7310918782839961,-0.5776475793625022,-0.28836264134583267,-1.0,-1.0,2.1869634664777315
0.8405769654290551,0.6157577911004143,0.219068473329804,0.569376589687612,-1.0,-0.3948611940030906,2.2923718741363697
-0.3368859259392859,-1.0,-0.240581140107436,-0.47359123302740225,1.0,0.8185279271852157,0.12521490102224098
-0.02916595755209439,-0.06023306929609529,1.0,1.0,1.0,0.7697124798764141,-1.7677950333689343
-0.9984727539693052,1.0,-0.4719890840866782,0.9496766584569644,-1.0,-0.05590511319881303,-1.2572597357770028
1.0,1.0,1.0,1.0,-0.21807196541739826,1.0,-4.792026975253137
-0.19495391064629397,0.4460077731294858,-0.1311545986644307,-0.9430489529266406,0.5200069193381274,0.9494008199872355,4.584318004278698
0.2828760774317618,0.4187798490389344,1.0,-0.4166170216601262,-1.0,0.5257131653964047,-0.6962899818868464
-0.747341213948473,-0.9496755995275611,-1.0,-0.08919485638746028,0.28722844745836273,-0.36285426788176856,-2.350778985028339
-0.41774944060001107,1.0,-0.7634421328870085,0.7103387886929012,0.059572650317914144,-1.0,4.285852242683093
1.0,0.05216834162843384,-0.04798131460337113,1.0,-0.3891827762353819,0.049941427529059834,1.296196619123226
-0.05558894536628278,-0.43247947277036913,-0.4798163752234519,-1.0,0.4479576343305389,-0.5881378068460551,1.3909539259149601
-0.6954772682020164,-0.2872776643450762,-0.21231314956562794,-0.13662610177323098,-0.9580405737249802,-1.0,0.1197873464170291
-0.7080943306652348,-0.38952833322877345,0.3773743572820697,-0.12961696553434365,0.3633405578790375,-0.4792203082575599,1.234534819539052
-0.5548404047706808,0.48491793400140004,-0.6455590658974102,0.5877297693705907,1.0,1.0,8.204020446709022
-1.0,-1.0,-0.8462486469476233,-0.3381587706587752,-1.0,0.0697128817015675,-3.479060117385486
1.0,0.3737697546097696,1.0,0.07199804417285716,-1.0,-1.0,7.6075870384360424
0.6313651585751004,-0.6835619094829742,-0.8928400360810886,-0.7128020844576122,-0.6777031387933601,1.0,6.095984381651858
0.9002115809476531,-1.0,0.6009689905395745,0.1926256233597155,0.2853264343176701,0.317600540065867,1.177081067383435
-1.0,0.34343637696590534,-0.2121057634976658,-1.0,-1.0,-0.8383595975069136,-1.2996204059614622
0.14078132342612748,0.006519258218272261,-0.33132886096192493,-0.1393241654157138,0.3028070987626229,-0.2974166764292206,0.11282746576630816
-0.24866942206943665,-0.08150150238787746,0.05614471187848544,-0.46747663942607276,-1.0,-0.9218264033068027,1.695443206038366
1.0,0.928378811068671,0.9163029411981325,0.6678839174992857,-0.6095984127620073,1.0,0.7389046394522127
0.7543717171171769,0.013497001546916687,0.1641239969629138,0.6876943203582963,-0.027053792804241417,-1.0,4.527794677004972
0.5841143882847013,-0.7393200231738875,0.03976968826104607,0.5000925391570508,0.06284671221416516,-0.1476006449231574,-0.5646377771677735
-0.5816039935419355,-0.8559937854736519,-0.03941361536830859,-0.5253723170750255,0.03487882401325659,-0.6074752327727071,1.8195915197638874
-0.21583945726747406,0.01695678977455756,-0.29510277530312595,0.41351168505618163,-1.0,-1.0,1.3328779316914723
0.8756136978978709,1.0,0.32841014815425196,-0.33115565317804696,0.0933401097249329,1.0,2.970770528129985
-0.03790873125837302,-0.3792045066463459,0.7733939216666531,-0.11920084208987469,-1.0,-1.0,1.4975800429003097
1.0,1.0,1.0,1.0,-0.18965196703940534,-0.4612326521710076,0.4770445386375763
-1.0,-1.0,1.0,0.8702769656731754,0.04635930542264677,-0.28509517522950034,0.8940211284705853
-0.16011317184831458,0.7185273687182818,0.42009019980692036,0.8171854886040365,-1.0,-1.0,2.726913528087255
-1.0,-1.0,-1.0,0.9433198226058872,-1.0,-1.0,-3.444079132851706
0.493742558768683,0.6791672612395758,1.0,-0.15761090043906512,0.24317763053950608,-1.0,0.771903974712311
0.45830321271678903,0.6225443407231382,-0.17816931619489573,-0.14250380263845167,1.0,-0.0976110683858156,-0.5228478383735735
-0.9276117808494841,-1.0,-1.0,-0.8291933281885611,-1.0,-0.4510727993763047,-1.5996598769764407
-0.21689014214819557,0.5091156252526808,0.11344106318615022,0.10141710981536411,-0.5364016116665229,-0.40000892110087904,-0.6019511453908909
-0.5314086184652203,-0.48262854476667433,-1.0,-0.6883008130462749,1.0,0.9084101997850771,5.496694356777263
0.8641132394946434,1.0,1.0,0.938606266984971,0.3277379573307435,0.5044719253340078,-6.11159436589148
-0.95045545778676,-0.21832394711115413,-1.0,-1.0,-0.4530640781729658,0.788236358436994,1.4112408812536292
-1.0,0.4356988173776093,-0.571608415771401,-0.7119551613561678,0.25694144041345407,-1.0,3.759641869370561
-0.2585101183840558,-0.43719899439940957,-0.3714366767032239,0.8134910720586482,-1.0,-0.13152448059085287,-0.4657281778159856
-0.13874747275183064,-1.0,-0.8296513676800821,-0.35052602722647963,1.0,0.8468526518261652,0.23278417673997825
-0.45761430134970205,-1.0,-1.0,-1.0,0.7661991255815768,-0.4353262381389814,-3.6301867187500285
0.47211127860163243,0.6249893730716513,-0.5782085991352885,1.0,0.14040293191470654,-1.0,2.1056060023970655
-0.8808162219916091,-0.5429013881764877,-0.899089789651512,1.0,1.0,0.07592796505675936,-1.1793653672956013
1.0,1.0,0.2420029943118729,1.0,-1.0,-0.18059361777263838,6.219559940745418
1.0,0.8425105287578409,1.0,1.0,0.7968114160929847,1.0,-8.497176118915558
-0.656503301953587,0.25676201230446605,0.29827965272819,-0.6645685873340197,-0.8791722989715771,-0.06434993663342037,-1.7578889097266002
-1.0,-1.0,-1.0,-0.4828175806701569,-1.0,0.7926920701374056,-2.439563429202827
1.0,1.0,0.7660798299014691,1.0,-0.49680191225271475,1.0,1.6532239367603432
0.6783206850296297,1.0,1.0,0.5352440539598347,0.34282585185474423,-0.06195693009300307,-3.7157974877916913
-0.22856078816377656,-0.14693971403372896,-0.3032049307424773,0.19743612967401147,-0.20773354951884637,-0.20230408213414375,-0.6729643027251784
-0.5239012511149939,-1.0,-1.0,-0.9152184269172317,-0.4918318970927563,-0.6279537031148967,-1.8317370599427976
1.0,1.0,0.8575011088933675,1.0,-0.2573545738701131,0.36828443683911116,-0.600046128394752
0.18762834814121632,-1.0,-1.0,-0.056578808911630585,-0.9040048202170633,-0.6670402066692478,-1.3723016046710672
0.29806401495906754,-1.0,-0.3095830694008324,-0.93825645272264,0.6903213647238069,1.0,-1.1744164616034105
0.688865485314984,1.0,1.0,0.39062503218427996,-0.3958919192599555,1.0,-1.9466639534883068
0.8250563259435458,-0.22335025949480852,0.8433697135548119,0.12132611158446499,-1.0,0.99646697777764,3.8417516444039115
-1.0,-0.5105775989593093,-1.0,-0.06588315980904769,0.30085379406881174,-0.5411635318808601,0.03320722996994019
0.22398271587846252,0.16306033428767575,0.01533458942816912,-0.32331590632022755,-1.0,-0.0098876408801436,1.0361251395981075
-1.0,-0.5870650197376583,-1.0,-1.0,-0.6359279004068077,-0.6839911292312608,0.8409271746409952
-0.054105200107140206,0.5095732798701227,-0.36119163823006945,-0.05070599636321671,0.2618587010422897,0.5908633597734503,1.9832267873101956
0.5376767853376021,0.5532434208785233,1.0,-0.8210147973450339,1.0,0.023433122376186354,-0.9710773630055123
-0.03301066455902257,1.0,0.790488660628842,-0.6906081341978911,-0.5988723005431859,-0.4331854036580225,-2.177802265368519
-0.5149812002508454,-0.993355667377114,-0.4041769686596849,-1.0,0.5526413037670567,-0.375661829365801,0.2070909195012084
-0.07917241518866504,-0.3411662313708077,-0.5523119339479952,1.0,0.35049428585483383,-0.7979807187997429,1.272745159481592
0.6104350589065483,1.0,-0.11689272351977198,0.8680112221528314,0.3067763766616284,-0.15718277362528077,0.883125833006205
-0.6033375956882675,-0.14965114769870635,0.10719447495577572,-0.23577800681628758,1.0,1.0,5.111029434476408
-0.7570123548012455,-0.7500291782210853,-0.7909966116901598,-0.5858681668811818,0.3197231455727043,0.5423356891378446,-0.7199894602659462
-0.12930604615471455,-0.16574342425790584,0.856856494507454,-1.0,-0.3219434502717964,-0.2691191924145835,-1.0278417956253025
-0.34187340163572255,-0.16791519600715454,-0.3490110554223584,-1.0,-0.003280736224986258,-0.0008726754027259809,-0.720955438663169
-1.0,-0.7077715132263024,-0.5354444498142834,-1.0,-0.5044465147176922,-0.37946548930633095,-0.34519691983949863
-0.4565036083182126,-1.0,-1.0,-0.3083965385468914,1.0,1.0,3.718576301177963
0.43666630144757496,0.19308798237213876,0.19662051488237875,1.0,0.11450307558212508,1.0,2.192266164494584
0.27415243345708395,0.7035136796535808,1.0,1.0,-0.14787030485527936,-0.9045299790242097,1.5117622026234192
-0.16757845958333037,0.3647781487563045,-1.0,-1.0,1.0,-0.690303495149778,1.2583842911618033
0.34530972945701766,-0.1285664300804727,-1.0,-1.0,0.7427446836884868,0.7273696256076772,0.9360304532767644
-0.887363564640946,0.20574775604032958,0.939133056462605,-0.6725373343687153,1.0,1.0,0.6325512284405435
0.8517770922289511,1.0,0.41900644118319263,1.0,-0.08597294361697567,0.2484993738675314,-0.29526431459172264
0.6476787120306214,1.0,-0.26252799302392865,-0.18939050987272166,0.8002209698690343,-0.01861974963323304,0.36835256096319857
-0.21949621116177553,-1.0,-0.14255113962285382,-1.0,-1.0,-0.5236061282428146,6.8382981639432705
-1.0,-1.0,-0.9066679674620598,-1.0,-0.8634474959612947,-0.47125171959505585,0.9259977684767249
0.4071432224108378,0.33576798975200406,0.33337982720750614,1.0,-0.1854393496645046,-1.0,4.915991079491057
-0.14363437339717494,-0.332552050677401,-1.0,0.22919714066716448,0.07385585667595507,-0.4199212498193405,0.7726001123570939
-1.0,-1.0,-0.6676349348930477,-0.4431008597448902,-1.0,-1.0,1.4345427686110062
-0.011120481724673281,-1.0,-0.49810661635482667,-1.0,1.0,-0.714427975680367,2.445004780897887
-0.05366493017244686,-0.46242046680877935,0.7023807100952293,0.09513470890313896,-1.0,-1.0,2.527288096997107
-0.03956478890518321,-0.7953374997613379,-0.06070688983444722,-1.0,0.2773594918702318,1.0,-0.08103876821870387
0.49467867063470194,0.49841567497945727,1.0,0.34243780433810844,0.49651065276577633,0.9435466514781377,-2.6724196160407847
-1.0,-0.2694568890511433,0.7917140784048635,-1.0,-1.0,0.6835178641246189,-3.7667111021618425
-1.0,-0.8200384815683339,-0.047632373591121935,-0.9479473989041249,-0.5295538407324688,0.1497251604141215,-1.1304562170831396
-0.7363432672188479,-1.0,-0.5784359901681451,-0.046913743441937265,-0.1709465138175802,0.5780568365982584,-2.2427222164746428
-0.06776596683786595,0.9045643075933946,0.4485374867738907,0.5272562712694473,0.9284428263760892,0.20391306644267937,-0.31077859939659025
-1.0,-0.7685847401657245,-1.0,1.0,-1.0,-1.0,-1.6708928452993788
1.0,0.07770752679355264,1.0,0.810202380732284,0.9825496081910576,1.0,-5.889703310455424
-1.0,-0.7555835318634169,-0.45685250508747666,-1.0,-0.2263897977961324,-0.8087823289058897,2.0208433662727083
1.0,1.0,0.19103970702617068,-0.5152341637355639,-1.0,0.17729470534755354,3.6202565975643504
1.0,0.5909071087620771,1.0,1.0,-0.6105726036424352,-1.0,7.163184196104688
-1.0,-0.8080564578194399,-0.2257870811148956,-0.34323526812333466,0.786701644299923,-0.1426994169034469,2.3424506920828536
1.0,-1.0,0.6143690007815004,1.0,-0.4198692461719964,-1.0,10.311534760309836
1.0,0.5917389272155924,0.31023931496708274,-0.21220491308265652,-0.8809741886851647,-0.12644417056177837,1.6446899587531227
-0.8184444013766305,-0.9466041500161007,-0.5434289947398946,-0.734648588822506,-1.0,-1.0,2.657519893106657
-1.0,0.3008901016004928,-0.09574871083280667,0.6120196567528807,0.2839948670941035,-1.0,3.6393906863657772
-0.9759346724822866,-0.5691209415696422,-0.002596975412502145,-0.3901550385827437,-0.4224875120593914,-1.0,3.5010530051964186
0.37737930434590883,0.4013200665973955,1.0,0.18011967222233172,1.0,0.21554417574654616,-2.230020225141194
0.02128232699839705,-0.8263457235011687,-0.3220543867492037,-0.24419942788676308,-0.47691061746915664,-1.0,3.246024423134739
0.4024945867617028,-0.04945470374773131,-0.14459608975366345,-0.11451175116135862,0.8649181592877551,0.5822676187305043,0.17421508695430588
-1.0,-0.022550676168789696,-1.0,-0.6598000570832289,-1.0,-0.32380471159242363,-3.164281285311589
-0.649635485741132,1.0,-0.542855436874496,-0.6457847907734786,0.6998278755277618,1.0,9.650139595028083
-1.0,-1.0,-1.0,-1.0,-0.6353550668377347,-0.6826925540996766,-1.0063640413880486
0.02572596129528959,0.29241389240893256,1.0,1.0,-0.741145047821703,-1.0,1.2320605962545501
-0.22964317342999518,-1.0,-1.0,-0.19223093942396652,0.19765783637022089,-0.7686480928401246,0.7041270750344087
-0.2347599400068657,-0.165092511780075,-0.39690970635970935,0.7595056145469112,0.5041788622046022,0.5914029570841288,1.8557784415065346
0.4412471299259251,-0.1617368851418082,1.0,-0.22101975420253928,-1.0,0.24016271209163487,0.4652236362669659
-0.38575468553645365,-0.4534814240326943,0.7678624389295621,0.6679500845227672,0.5536997163269812,0.5246404227958346,0.7214719372006414
-0.7111449744450777,-1.0,-1.0,-0.8022537768030367,1.0,-0.5038773217121275,-3.856665922952515
-1.0,-0.19523902690710235,-1.0,-0.1435216748744741,1.0,0.1064066739771159,-0.6926640106431292
-1.0,0.2748342064103985,-1.0,-1.0,-0.017576100014887297,1.0,8.045130548722952
0.6055973714104977,-0.03926625064756889,0.05631502223332513,-0.195054945449868,-0.4087439893445415,0.11304362061273798,-0.059561529605542285
-0.03395074786407626,-0.5259800559768342,0.41640336496351693,-0.22990753876736697,-0.7772651570262537,-0.6818200009233841,0.5753219921274244
1.0,0.5676354424515819,1.0,0.928401093663395,0.034742322794288794,0.896226375860323,-2.997037412191793
0.3189589675875483,0.018999997515917966,0.18424994806883277,-0.5904876124623454,-0.9519946017765993,0.7325472999137141,3.6126905638926265
-0.9956018807956362,-0.9539192982348341,-0.8438787571643558,-1.0,-0.3034912545217183,-1.0,3.088459269507867
0.98955547260941,-0.10867965923875365,0.9445099188739084,-0.35947433923772887,-0.20174802500018318,1.0,-0.9255308250400321
0.95966040007225,-0.28220277707693575,-0.1615327084006557,-0.009497218731919443,0.19951808264556103,0.2525983655530837,-0.842557312397708
-0.6558093193728948,-1.0,-0.3204539836248177,-1.0,0.08992802804601796,-0.3940515265251594,-0.3838075047373363
-0.8810163917383179,-0.32481686115991837,-0.9606247178406222,-1.0,-0.28541641043147337,-0.03777590233617445,-2.128089810187379
-0.7129730220879471,0.6359898572562109,-0.9032695467961213,-1.0,0.16738386736261057,0.3685393315313857,0.3305977920423432
-0.2802657540106953,1.0,-0.2453046499945617,1.0,0.19823468468667976,-0.7540025547643965,0.478644074473498
0.04967435774237028,0.10716341625283143,-0.23624603235208544,0.8314469571824672,1.0,0.7182475335172118,3.7496964509861357
0.7041628005137153,0.20764714393272699,1.0,1.0,-0.7098080980617362,-0.6616602491967588,2.953290681738155
-0.7907169374040474,0.24184863318411617,0.2756856844630984,-0.758968007963678,-1.0,-0.42046718360410307,-1.678493404617326
-0.37259764604542034,-1.0,0.25827833152549173,-1.0,0.621967924111627,1.0,-0.27321056264562565
-0.07557143943037481,-0.1360965969672573,-0.005000809239389614,0.005751339110093789,0.20515697820077872,0.8736114540825366,1.4523033452263823
0.010370741938783068,0.7812988846783162,0.8506591452904952,1.0,-0.6717326172737261,1.0,-2.046723149106866
-0.10616092286896761,-0.8842237858774759,0.19765363678581122,-0.03946220194923311,-0.29724852206237673,0.8904483725675898,0.26914788082361096
-0.011163355757702331,-0.2158869570767855,1.0,0.2281624637384031,1.0,-0.6494771582675669,0.41892475846719146
0.13048639257794148,-1.0,-1.0,-1.0,0.057154126104087974,-0.3801930673713906,-3.742979928647328
0.9417462051389061,0.5705017153493879,-0.35194273880828464,-0.04479755652520523,-0.7895761252229566,1.0,8.319236730433106
-1.0,-0.18469503237688323,-1.0,-1.0,0.8531503033071086,-0.6978165042170079,1.64274961512047
-1.0,-0.9940726974457741,-0.01814368155634037,-1.0,-0.6487767752228524,-0.02737863826916298,-0.38055675787137605
-0.4299907199878702,-0.6136770233710352,0.3525998243696557,0.51357116067561,0.31085938740533503,-0.43581201365589134,0.5157673254153092
0.9147281935538071,-0.3648886846421304,0.9492838179913458,0.8605737622749015,1.0,-1.0,-4.241977781153375
1.0,0.31659286672452835,-1.0,-0.1797170318010392,0.2940909526989188,0.38795621325146457,0.05157527028587211
0.07335016653334059,-1.0,-0.835869542662377,0.3935815856136613,-0.30931179036552486,-0.7226862091568714,-0.7749939736381903
1.0,1.0,1.0,1.0,1.0,-0.1833929357427683,-7.223409990029255
-0.5931754869874242,-0.17473229884943953,-0.09582983268966425,-0.7882256178283811,1.0,0.23303840972355716,2.7974844053108585
-1.0,-1.0,-0.07044232689461727,-1.0,0.09856567565743224,-1.0,4.953174729740264
-0.07527742385253144,-0.1708175088636642,-0.5449294758974831,-0.2960297293631383,-0.3345001806652526,0.29086822483536556,0.6273542656776885
-0.561280553389155,-0.247100734134984,-1.0,-1.0,-0.12802528175280214,-0.7715770375291644,1.333570453419008
-0.8625873294176125,-0.18687707351158694,-0.17192062772840166,-1.0,1.0,-0.6558123824416587,5.630592426271294
-0.427179944244902,-0.4167571413054456,-0.08918323781552218,-0.376963958976022,-0.2478657584296703,0.10639447101745181,-0.7631987673598772
-0.09359446528763671,0.6815000887278762,0.7391199156326951,1.0,0.3556666105757791,0.918013449903204,-1.0370466852458493
0.9998051730982431,1.0,0.1366431206546137,1.0,-0.3667587880031596,1.0,5.081593858245429
-0.13569400709170665,-0.8020541592999896,-0.32742402233628465,0.68983764204138,0.5709491818863852,-0.06061535771691573,-0.43251024984662745
-1.0,-0.27620502185917806,-0.8252114438033109,-1.0,1.0,1.0,6.821384813163676
-1.0,-0.34722297984444994,-0.5540323796089284,-0.3999726634771812,-0.12037804566715993,0.9238687281944733,1.9395913668311948
0.10865663710469653,-1.0,-1.0,-1.0,-1.0,0.656168040262009,3.7803042004030902
0.604761470728097,-0.2284073443714114,0.7236879903859552,0.2363986132057958,-0.5004236403709741,-1.0,4.641376706081665
-1.0,0.3808989089451006,-1.0,-1.0,-0.8737655441969694,-0.8867375735062257,0.3969251134761962
-1.0,-1.0,1.0,-0.7937486172689425,1.0,1.0,-1.5182690070239118
-0.4286140108899839,0.12507739049383987,-0.1401291125290145,1.0,-0.6788295059236185,-0.32465176679541086,-0.562532265132646
0.788057326157926,-0.3652624134072218,0.13128610912828853,1.0,0.7198982378632146,0.6545732428448388,-0.5671743653393629
-0.24722487081532463,-0.8394289711547283,0.1950634255870774,-0.7186651501920551,-0.7074558452474045,0.09869512864040708,0.327425428084265
0.9701299986856127,0.15355794497734654,0.816441733581926,0.09904033130429091,0.30157174785125207,-0.3022674700630157,0.733361474858509
0.03620101836323453,0.7299852984676709,-0.1826639798052767,-0.2697065581752247,1.0,0.9597141309449015,6.240688026694448
-0.6595447428516232,-1.0,-0.6010608830374304,0.5822867517294175,0.64846751453868,0.5988931783469769,0.7736728838537104
1.0,0.2119851020668036,-0.140340625115699,1.0,-1.0,-0.45520922101527417,3.486807863553102
-1.0,-0.8103687423512617,-0.5883699727808861,-0.4723750675545333,-0.23321688680603148,-1.0,3.814441256103315
0.387028498438837,1.0,0.6319435331083111,1.0,1.0,-0.40089351456911404,-3.2937696109749384
-1.0,-0.693414169343396,-0.2825337245876649,0.42481750634340243,1.0,0.7198671833172914,2.505177610781228
1.0,1.0,1.0,0.7689703806541335,-0.47413699644037743,0.6219615940909379,-0.2623990587474835
0.5160903859263652,0.2621291277089084,-0.3887372700728447,-1.0,0.07999151648244718,1.0,3.8840157472696086
-0.722825336847185,-1.0,-1.0,-0.4885964964859576,0.7351501579361354,1.0,2.1489113128330595
0.28038693624797384,0.8532770561809122,0.43381696851028684,1.0,0.5806590009080435,1.0,0.02380917375890268
0.9884036018849853,1.0,-0.32036353178863886,0.6234483846070862,-0.9816092513572648,-0.8605782622268281,7.86689264578706
-0.36458514492319405,-0.73255289890189,0.3383426181556983,-0.15619033673295674,-0.8345133923899781,0.328707143767105,-0.2907142563076066
-0.43186834158455795,0.9112164474915616,0.9004312770594088,0.7807482661990424,-0.4098770732886845,-0.19584440247823953,-2.286922921461558
0.6526794984054658,1.0,-0.6726604915877942,-0.013941699997500182,1.0,0.0005543666610375864,-0.5384350570048236
-0.9488194833982249,-0.3767585842005159,-0.6046403143667939,-1.0,1.0,0.19919522199196893,2.6384859658112694
0.5910857530279903,-0.29374777288976606,0.057263805620163644,-1.0,-0.09437908447641435,1.0,3.25470029882226
0.08314754391815282,0.16220568240544908,0.13118032364590515,-0.44133660897024873,0.2754933294829909,-0.1887246506326068,0.38123707698574955
-1.0,-1.0,-1.0,-1.0,-1.0,-1.0,5.354572612334875
0.959563388706191,0.017146100854335045,1.0,1.0,1.0,0.47436535120146384,-5.8899019770345955
1.0,1.0,1.0,0.7788655127575572,-0.05224885795613289,0.5362272413745535,-4.428801900955975
-1.0,-0.8247231626762677,-1.0,-0.7034981988616704,1.0,0.925360327047632,2.5878300323216497
-1.0,-1.0,-0.6082893696141107,-0.8542650370529423,0.019507955952131062,-0.10836712669807902,-3.0670205053929456
0.4611585628261013,-0.3383344353327904,-0.8558387263741462,1.0,-1.0,-0.03826817257919256,1.871453029038618
1.0,0.9560997450147581,1.0,1.0,1.0,1.0,-9.415611778739784
-0.8488542689168878,0.0636531633700069,-1.0,-0.6223731578393586,-0.5774581084990865,-0.4280240332437796,-0.8380463957827968
-1.0,-1.0,-0.7675408684334608,-1.0,0.22675490877763715,-1.0,3.1957533196750947
0.11542454279671222,0.8688280311312855,0.30373608548773334,0.15115465164880781,0.14717261853424374,0.6229460811546398,-0.6272411848025345
0.4260236449980711,-0.4121967264885267,-1.0,0.4250192402063483,0.06761379223240815,0.6207442536506236,1.410135137881612
-0.07479562835082554,-1.0,1.0,-0.7817173942513691,0.044540247945066724,-0.10132110264578742,2.6822794003135484
-1.0,-0.7998605335338622,-1.0,-1.0,-0.9259000908976467,-1.0,4.295383918463613
0.6339327317468193,0.5916829340644526,0.7306330046084716,0.9274373710384524,1.0,0.2996690574326083,-3.9659308513148086
-1.0,-1.0,-1.0,-0.39315279134499703,0.30609603273008523,0.18346461465200897,-4.153994603858536
-1.0,-1.0,-1.0,-1.0,1.0,0.21413072059672356,-7.780490384910982
-0.3181206930906634,-1.0,-0.5518430706426938,-0.010661499841551625,0.45758637466564644,0.8178858534459894,1.4286227011330639
-1.0,0.19707326805808267,-0.35847472109396605,-0.6962684401632075,0.0959266265752125,0.275586789372767,0.43695702614922094
0.9863272263806027,1.0,1.0,0.14801195497842667,-0.09194955709934771,-0.28406471759245716,-0.768255507835055
-0.26641190809085535,-1.0,-1.0,-0.9184410754973824,1.0,-0.41162000291157297,-3.405638315200488
1.0,0.9909999031673413,-0.2896356845868424,0.11380377177572432,1.0,1.0,2.9645056382006136
-0.9589161960132437,0.08835995582049797,-0.40076969531307594,0.29307582125662024,-1.0,-1.0,-1.3497660173262969
0.8963752884495542,0.8476099852395081,1.0,1.0,0.9849276015838837,0.40015465528559435,-6.552465726583182
-0.3146050882625274,-1.0,-0.6719445678792917,0.3673788599857292,-0.28897037479367604,-0.06554003736753722,-1.7282452557520285
0.6821175183448731,-1.0,-0.6495059967729271,-0.8618260618417095,-1.0,-1.0,9.389636905217984
0.29991140135592803,0.583374668560446,-0.5528599623546475,-0.6237889385537168,-0.6131533473101947,1.0,7.176851499069408
-0.6703042609933687,0.9633429264946596,0.18903571030221444,-0.7989878479692285,-1.0,-1.0,-1.9942071325318298
1.0,0.9893411994012544,-0.15039755819864903,0.37990538811859786,1.0,1.0,1.7733509711007975
0.5065878891818263,0.22026452767815224,0.11227038959401514,0.10515285760801765,-0.5751881120006643,-0.28196037456776313,0.5698548625860149
-0.31213410384031615,-1.0,-1.0,-0.18591331891466356,0.3642131088807695,1.0,3.003916754729568
0.335003553687935,0.03777497765824117,1.0,1.0,1.0,0.8504282261749023,-2.4993352457090365
0.5482846654321321,1.0,0.3806073156217975,0.6894438296112209,-1.0,-0.5518550111557899,2.8604950195993157
-1.0,-0.8058572303382486,-0.8777448937298551,-0.17788800907749958,-0.6251548382491856,-0.1365881381864904,-3.56956072340771
0.7964345396131504,0.6471499088501296,0.2514302880431939,1.0,-0.7597659390090594,0.6810527224717234,2.006253327097559
-0.05034020439107323,-1.0,-1.0,-1.0,-0.9570109980181933,-1.0,5.462898697958866
0.6018118714872276,1.0,0.028847728080461432,0.8278128302995944,-1.0,-1.0,7.773322466584024
